sheet,sheet_state,cell,names,formula,status,implemented_in
Income Details,visible,BK7,,calculateAge(sheet1.DOB),TO_IMPLEMENT,
Income Details,visible,BK8,,"IF(BK7<=59,1,0)",TO_IMPLEMENT,
Income Details,visible,BL8,,"IF(BK7>=80,1,0)",TO_IMPLEMENT,
Income Details,visible,BK9,,"IF(BK7<=59,1,0)",TO_IMPLEMENT,
Income Details,visible,BI17,TOTAL_INCOME,"MAX(IncD.GrossTotIncome,0)",TO_IMPLEMENT,
Income Details,visible,BK17,,"IF( OR(MID(SELECT80D,1,1) =""("", MID(SELECT80D,1,1)=""""),0,MID(SELECT80D,1,1))",TO_IMPLEMENT,
Income Details,visible,BG18,,"IF(AND(INT(MID(sheet1.DOB,4,2))=4,INT(MID(sheet1.DOB,1,2))=1),BK18,BK18)",TO_IMPLEMENT,
Income Details,visible,BI18,IncdSection80D,"MIN(MIN(IF(INT(MID(sheet1.DOB,7,4))<1960,IF(MID(sheet1.ResidentialStatus1,1,3)=""NRI"",BK18,BK18),IF(INT(MID(sheet1.DOB,7,4))=1960, IF(INT(MID(sheet1.DOB,4,2))<4,IF(MID(sheet1.ResidentialStatus1,1,3)=""NRI"",BK18,BK18),BG18),BK18)),VALUE(IncD.Section80D)),TOTAL_INCOME)",TO_IMPLEMENT,
Income Details,visible,BK18,,"IF(OR(BK17=""1"",BK17=""3""),25000,IF(OR(BK17=""2"",BK17=""4""),IF(AND(BK17=""2"",BK8=1),50000,50000),IF(BK17=""5"",50000,IF(BK17=""6"",75000,IF(BK17=""7"",IF(BK9=1,75000,100000),0)))))",TO_IMPLEMENT,
Income Details,visible,BG19,,"IF(AND(INT(MID(sheet1.DOB,4,2))=4,INT(MID(sheet1.DOB,1,2))=1),BI21,BI21)",TO_IMPLEMENT,
Income Details,visible,BI19,IncdSection80DB,"MIN(MIN(IF(INT(MID(sheet1.DOB,7,4))<1960,IF(MID(sheet1.ResidentialStatus1,1,3)=""NRI"",BI21,BI21),IF(INT(MID(sheet1.DOB,7,4))=1960, IF(INT(MID(sheet1.DOB,4,2))<4,IF(MID(sheet1.ResidentialStatus1,1,3)=""NRI"",BI21,BI21),BG19),BI21)),VALUE(IncD.Section80DB)),TOTAL_INCOME)",TO_IMPLEMENT,
Income Details,visible,BI20,,"IF( OR(MID(SELECT80DB,1,1) =""("", MID(SELECT80DB,1,1)=""""),0,MID(SELECT80DB,1,1))",TO_IMPLEMENT,
Income Details,visible,BI21,,"IF(BI20=""3"",100000,IF(BI20=""1"",50000,IF(BI20=""2"",50000,0)))",TO_IMPLEMENT,
Income Details,visible,BM21,,"IF(BK7<59,1,IF(AND(BK7>=59,BK7<=79),2,3))",TO_IMPLEMENT,
Income Details,visible,BM22,,"IF( OR(MID(SELECT80DDS,1,1) =""("", MID(SELECT80DDS,1,1)=""""),0,MID(SELECT80DDS,1,1))",TO_IMPLEMENT,
Income Details,visible,BG46,,"IF(AND(INT(MID(sheet1.DOB,4,2))=4,INT(MID(sheet1.DOB,1,2))=1),BM46,BM46)",TO_IMPLEMENT,
Income Details,visible,BI46,IncdSection80DD;IncdSection80DDB,"MIN(MIN(BM46,VALUE(IncD.Section80DDB)),TOTAL_INCOME)",TO_IMPLEMENT,
Income Details,visible,BM46,,"IF(BM22=""1"",40000,IF(BM22=""2"",100000))",TO_IMPLEMENT,
Income Details,visible,BN46,,"IF(OR(BM22=""1"",BM21=1),40000,IF(OR(BM22=""2"",BM21=2),60000,IF(OR(BM22=""3"",BM21=3),80000,0)))",TO_IMPLEMENT,
Income Details,visible,AO54,IncD.IncomeFromSal;PartB,"MAX(0,(IncD.Allowances+IncD.Perquisites+IncD.Profits))",TO_IMPLEMENT,
Income Details,visible,AZ55,Count1,"COUNTIF(Others.NOI_1,""10(10B) First proviso - Compensation limit notified by CG in the Official Gazette"")",TO_IMPLEMENT,
Income Details,visible,BA55,CountOS1,"COUNTIF(Others.NOI_2,""Interest accrued on contributions to provident fund to the extent taxable as per first proviso to section 10(11)"")",TO_IMPLEMENT,
Income Details,visible,BK55,TotAllowances_17abc,IncD.Allowances+IncD.Perquisites+IncD.Profits,TO_IMPLEMENT,
Income Details,visible,AZ56,Count2,"COUNTIF(Others.NOI_1,""10(10B) Second proviso - Compensation under scheme approved by the Central Government"")",TO_IMPLEMENT,
Income Details,visible,BA56,CountOS2,"COUNTIF(Others.NOI_2,""Interest accrued on contributions to provident fund to the extent taxable as per second proviso to section 10(11)"")",TO_IMPLEMENT,
Income Details,visible,AZ57,Count3,"COUNTIF(Others.NOI_1,""Sec 10(10C)- Amount received/receivable on voluntary retirement or termination of service"")",TO_IMPLEMENT,
Income Details,visible,BA57,CountOS3,"COUNTIF(Others.NOI_2,""Interest accrued on contributions to provident fund to the extent taxable as per first proviso to section 10(12)"")",TO_IMPLEMENT,
Income Details,visible,BB57,HRA,Sheet1.HRA,TO_IMPLEMENT,
Income Details,visible,AO58,IncomeNotified89A,IncomeNotified89A_AmountUS+IncomeNotified89A_AmountUK+IncomeNotified89A_AmountCan,TO_IMPLEMENT,
Income Details,visible,AZ58,Count4,SUM(AZ55:AZ57),TO_IMPLEMENT,
Income Details,visible,BA58,CountOS4,"COUNTIF(Others.NOI_2,""Interest accrued on contributions to provident fund to the extent taxable as per second proviso to section 10(12)"")",TO_IMPLEMENT,
Income Details,visible,BB58,,"SUMIF(Others.NOI_1,""Sec 10(13A)-Allowance to meet expenditure incurred on house rent"",Others.Amount_1)",TO_IMPLEMENT,
Income Details,visible,BA63,CountOS5,SUM(BA55:BA58),TO_IMPLEMENT,
Income Details,visible,AO64,Less_allowance,"SUM(Others.Amount_1,Sheet1.HRA)",TO_IMPLEMENT,
Income Details,visible,G67,,G66+1,TO_IMPLEMENT,
Income Details,visible,AO69,Sheet1.HRA,Sch10of13A_ElgiblExmptAllwnce10of13A,TO_IMPLEMENT,
Income Details,visible,AO71,Net_salary,"MAX(0,IncD.IncomeFromSal-MIN(Less_allowance,IncD.Allowances+IncD.Perquisites+IncD.Profits))",TO_IMPLEMENT,
Income Details,visible,AO72,Deductions_16,"MAX(0,(IncD.Deduction16ia+IncD.Deduction16+IncD.Deduction16ic))",TO_IMPLEMENT,
Income Details,visible,AO73,IncD.Deduction16ia,"IF(BacValue=1,MIN(Net_salary,75000),IF(BacValue=2,MIN(Net_salary,50000),0))",TO_IMPLEMENT,
Income Details,visible,BB73,,"IF(BacValue=1,MIN(Net_salary,75000),IF(BacValue=2,MIN(Net_salary,50000),0))",TO_IMPLEMENT,
Income Details,visible,AO76,IncD.TotalHeadSalaries,"MAX(0,(Net_salary-Deductions_16))",TO_IMPLEMENT,
Income Details,visible,AO80,IncD.AnnualValue,"MAX(IncD.GrossRentRecieved-IncD.TaxPaidLocalAuthorities,0)",TO_IMPLEMENT,
Income Details,visible,AO81,IncD.StandardDeduction,"ROUND(IF(OR(IncD.AnnualValue=0,IncD.AnnualValue<0),0,0.3*IncD.AnnualValue),0)",TO_IMPLEMENT,
Income Details,visible,AO82,IncD.InterestBorrowedCapital,"IF(AND(BacValue=1,MID(IncD.TypeOfHP,1,1)=""S""),0,IF(AND(BacValue=2,MID(IncD.TypeOfHP,1,1)=""S""),IF(TotAmt.24b>200000,200000,MIN(200000,TotAmt.24b)),IF(AND(MID(IncD.TypeOfHP,1,1)<>""S"",IncD.GrossRentRecieved=0),0,TotAmt.24b)))",TO_IMPLEMENT,
Income Details,visible,AO84,IncD.IncomeHeadHouseProperty,HP.TotalIncomeChargeableUnHP,TO_IMPLEMENT,
Income Details,visible,AO85,IncD.IncomeFromOS;IncomeFromOS;IncomeOthSrc,"MAX(0,(SUM(IncD.Div,SUM(Others.Amount_2),OSIncomeNotifiedOther89A,OSIncomeNotified89A)-IncD.LessDeduction57-OSIncreliefus89A))",TO_IMPLEMENT,
Income Details,visible,BB85,FP_Value,"COUNTIF(Others.NOI_2,""Family pension"")",TO_IMPLEMENT,
Income Details,visible,BC85,TotFamilyPension,"SUMIF(Others.NOI_2,""Family pension"",Others.Amount_2)",TO_IMPLEMENT,
Income Details,visible,BB87,Others.Amount_2_1,"IF(MID(J87,1,1)=""F"",AO87,0)",TO_IMPLEMENT,
Income Details,visible,BC87,Others.Amount_2_2,"IF(MID(J87,1,1)=""F"",1,0)",TO_IMPLEMENT,
Income Details,visible,BD87,Others.Amount_2_3;Others11,"IF(MID(J87,1,15)=""Interest from S"",AO87,0)",TO_IMPLEMENT,
Income Details,visible,BE87,Others.Amount_2_4,"IF(MID(J87,1,15)=""Interest from S"",AO87,0)",TO_IMPLEMENT,
Income Details,visible,BF87,Others.Amount_2_5,"IF(MID(J87,1,15)=""Interest from D"",AO87,0)",TO_IMPLEMENT,
Income Details,visible,G88,,G87+1,TO_IMPLEMENT,
Income Details,visible,BB88,,"IF(MID(J88,1,1)=""F"",AO88,0)",TO_IMPLEMENT,
Income Details,visible,BC88,,"IF(MID(J88,1,1)=""F"",1,0)",TO_IMPLEMENT,
Income Details,visible,BD88,,"IF(MID(J88,1,15)=""Interest from S"",AO88,0)",TO_IMPLEMENT,
Income Details,visible,BE88,,"IF(MID(J88,1,15)=""Interest from S"",AO88,0)",TO_IMPLEMENT,
Income Details,visible,BF88,,"IF(MID(J88,1,15)=""Interest from D"",AO88,0)",TO_IMPLEMENT,
Income Details,visible,G89,,G88+1,TO_IMPLEMENT,
Income Details,visible,BB89,,"IF(MID(J89,1,1)=""F"",AO89,0)",TO_IMPLEMENT,
Income Details,visible,BC89,,"IF(MID(J89,1,1)=""F"",1,0)",TO_IMPLEMENT,
Income Details,visible,BD89,,"IF(MID(J89,1,15)=""Interest from S"",AO89,0)",TO_IMPLEMENT,
Income Details,visible,BE89,,"IF(MID(J89,1,15)=""Interest from S"",AO89,0)",TO_IMPLEMENT,
Income Details,visible,BF89,,"IF(MID(J89,1,15)=""Interest from D"",AO89,0)",TO_IMPLEMENT,
Income Details,visible,G90,,G89+1,TO_IMPLEMENT,
Income Details,visible,BB90,,"IF(MID(J90,1,1)=""F"",AO90,0)",TO_IMPLEMENT,
Income Details,visible,BC90,,"IF(MID(J90,1,1)=""F"",1,0)",TO_IMPLEMENT,
Income Details,visible,BD90,,"IF(MID(J90,1,15)=""Interest from S"",AO90,0)",TO_IMPLEMENT,
Income Details,visible,BE90,,"IF(MID(J90,1,15)=""Interest from S"",AO90,0)",TO_IMPLEMENT,
Income Details,visible,BF90,,"IF(MID(J90,1,15)=""Interest from D"",AO90,0)",TO_IMPLEMENT,
Income Details,visible,AO93,OSIncomeNotified89A,OSIncomeNotified89A_AmountUS+OSIncomeNotified89A_AmountUK+OSIncomeNotified89A_AmountCan,TO_IMPLEMENT,
Income Details,visible,BB98,IncD_qOS1,IncD_q1OS1+IncD_q2OS1+IncD_q3OS1+IncD_q4OS1+IncD_q5OS1,TO_IMPLEMENT,
Income Details,visible,BB99,OSIncomeNotified89ATot,OSIncomeNotified89A-OSIncreliefus89A,TO_IMPLEMENT,
Income Details,visible,BQ104,IncD.Q1Inc,"MIN(IncD.TotalIncome,IncD_q1div+IncD_q1OS1)+MAX(0,IncD.TotalIncome-IncD.Div-IncD_qOS1)",TO_IMPLEMENT,
Income Details,visible,BQ105,IncD.Q2Inc,"MIN(IncD.TotalIncome-MAX(IncD_q1div+IncD_q1OS1-IncD.TotalChapVIADeductions,0),IncD_q2div+IncD_q2OS1)+IncD.Q1Inc",TO_IMPLEMENT,
Income Details,visible,BQ106,IncD.Q3Inc,"MIN(IncD.TotalIncome-MAX(IncD_q1div+IncD_q2div+IncD_q1OS1+IncD_q2OS1-IncD.TotalChapVIADeductions,0),IncD_q3div+IncD_q3OS1)+IncD.Q2Inc",TO_IMPLEMENT,
Income Details,visible,BQ107,IncD.Q4Inc,"MIN(IncD.TotalIncome-MAX(IncD_q1div+IncD_q2div+IncD_q3div+IncD_q1OS1+IncD_q2OS1+IncD_q3OS1-IncD.TotalChapVIADeductions,0),IncD_q4div+IncD_q4OS1)+ IncD.Q3Inc",TO_IMPLEMENT,
Income Details,visible,BQ108,IncD.Q5Inc,"MIN(IncD.TotalIncome-MAX(IncD_q1div+IncD_q2div+IncD_q3div+IncD_q4div+IncD_q1OS1+IncD_q2OS1+IncD_q3OS1+IncD_q4OS1-IncD.TotalChapVIADeductions,0),IncD_q5div+IncD_q5OS1)+ IncD.Q4Inc",TO_IMPLEMENT,
Income Details,visible,AZ110,IncD.LessDeduction57New,"IF(BacValue=1,ROUND(MIN(25000,((1/3)*TotFamilyPension)),0),IF(BacValue=2,ROUND(MIN(15000,((1/3)*TotFamilyPension)),0),0))",TO_IMPLEMENT,
Income Details,visible,BA110,,"IF(BacValue=1,ROUND(MIN(25000,((1/3)*TotFamilyPension)),0),IF(BacValue=2,ROUND(MIN(15000,((1/3)*TotFamilyPension)),0),0))",TO_IMPLEMENT,
Income Details,visible,BD110,Temp5,SUM(Others.Amount_2_2),TO_IMPLEMENT,
Income Details,visible,AO111,IncD.GrossTotIncome,"SUM(IncD.TotalHeadSalaries,IF(BacValue=1,MAX(0,IncD.IncomeHeadHouseProperty),IncD.IncomeHeadHouseProperty),IncD.IncomeFromOS)",TO_IMPLEMENT,
Income Details,visible,BD111,Temp5Amount,SUM(Others.Amount_2_1),TO_IMPLEMENT,
Income Details,visible,BK111,HPLoss,"IF(IncD.TypeOfHP=""Self Occupied"",IncD.IncomeFromHP,(IF(IncD.TypeOfHP=""Let Out"",IF(ISBLANK(IncD.IncomeFromHP),0,MAX(-200000,IncD.IncomeFromHP)),0)))",TO_IMPLEMENT,
Income Details,visible,AO112,IncD.GrossTotIncome_New,"SUM(IncD.TotalHeadSalaries,IF(BacValue=1,MAX(0,IncD.IncomeHeadHouseProperty),IncD.IncomeHeadHouseProperty),IncD.IncomeFromOS,IncD.CG_LTCG)",TO_IMPLEMENT,
Income Details,visible,AN115,IncD.Section80C_Calc,"MIN(MIN(VALUE(IncD.Section80C),150000),TOTAL_INCOME)",TO_IMPLEMENT,
Income Details,visible,BD115,SumViA,SUM(AB115:AM155),TO_IMPLEMENT,
Income Details,visible,AB116,IncD.Section80CCC,SUM(Amount_80CCC),TO_IMPLEMENT,
Income Details,visible,AN116,IncD.Section80CCC_Calc,"IF(MIN(MIN(VALUE(IncD.Section80CCC), MIN(150000,ABS(IncD.GrossTotIncome)),MIN(150000,ABS(IncD.GrossTotIncome)) - IncD.Section80C_Calc),TOTAL_INCOME)>150000,150000,MIN(MIN(VALUE(IncD.Section80CCC), MIN(150000,ABS(IncD.GrossTotIncome)),MIN(150000,ABS(IncD.GrossTotIncome)) - IncD.Section80C_Calc),TOTAL_INCOME))",TO_IMPLEMENT,
Income Details,visible,F119,,F118+1,TO_IMPLEMENT,
Income Details,visible,AN121,IncD.Section80CCD_Calc_SE,"IF((MAX(0,MIN(MIN(VALUE(IncD.Section80CCD_SE), ROUND(IF(OR(MID(sheet1.EmployerCategory1,1,1)=""S"",MID(sheet1.EmployerCategory1,1,1)=""C"",MID(sheet1.EmployerCategory1,1,2)=""Pu"",MID(sheet1.EmployerCategory1,1,1)=""J"",MID(sheet1.EmployerCategory1,1,1)=""O""),0.1*VALUE(Net_salary-IncD.Perquisites),0.2*VALUE(IncD.GrossTotIncome)),0), 150000 - IncD.Section80C_Calc - IncD.Section80CCC_Calc ),MIN(150000,ABS(In",TO_IMPLEMENT,
Income Details,visible,AN126,IncD.Section80CCD1B_Calc_SE,"MIN(VALUE(IncD.Section80CCD1B_SE),50000,TOTAL_INCOME)",TO_IMPLEMENT,
Income Details,visible,BA126,,"IF(OR(MID(sheet1.EmployerCategory1,1,2)=""Pu"",MID(sheet1.EmployerCategory1,1,1)=""O""),1,IF(OR(MID(sheet1.EmployerCategory1,1,1)=""C"",MID(sheet1.EmployerCategory1,1,1)=""S"",MID(sheet1.EmployerCategory1,1,1)=""J""),2,0))",TO_IMPLEMENT,
Income Details,visible,F133,,F132+1,TO_IMPLEMENT,
Income Details,visible,F134,,F133+1,TO_IMPLEMENT,
Income Details,visible,AN137,IncD.Section80CCD_Calc,"IF(BacValue=2,MIN(VALUE(IncD.Section80CCD), IF(BA126=1,ROUND(0.1*MAX(0,(Net_salary-IncD.Perquisites)),0), IF(BA126=2,ROUND(0.14*MAX(0,(Net_salary-IncD.Perquisites)),0),0)),TOTAL_INCOME),IF(BacValue=1,MIN(VALUE(IncD.Section80CCD), IF(OR(BA126=1,BA126=2),ROUND(0.14*MAX(0,(Net_salary-IncD.Perquisites)),0),0),TOTAL_INCOME),0))",TO_IMPLEMENT,
Income Details,visible,AN138,IncD.Section80CCG_Calc,"MIN( IF(TOTAL_INCOME > 1200000,0,MIN(VALUE(IncD.Section80CCG),25000)),TOTAL_INCOME)",TO_IMPLEMENT,
Income Details,visible,AB140,IncD.Section80DValue,"IF(BacValue=1,0,Eligible_Amount_80D)",TO_IMPLEMENT,
Income Details,visible,AN140,IncD.Section80DValue_Calc,"IF(IncD.GrossTotIncome<0,0,IncD.Section80DValue)",TO_IMPLEMENT,
Income Details,visible,AN141,IncD.Section80D_Calc,"MIN(100000,SUM(BD143,IF(ISERROR(IncdSection80DB),0,IncdSection80DB)))",TO_IMPLEMENT,
Income Details,visible,BD141,,"SUM(IF(ISERROR(IncdSection80D),0,IncdSection80D),Temp80DC)",TO_IMPLEMENT,
Income Details,visible,BF141,IncD.Section80DAutop,"MIN(100000,SUM(BD143,IF(ISERROR(IncdSection80DB),0,IncdSection80DB)))",TO_IMPLEMENT,
Income Details,visible,BD142,,"IF(AND(MID(SELECT80D,1,1)=""1"",MID(SELECT80DC,1,1)=""1""),1,IF(AND(MID(SELECT80D,1,1)=""3"",MID(SELECT80DC,1,1)=""2""),2,IF(AND(MID(SELECT80D,1,1)=""5"",MID(SELECT80DC,1,1)=""3""),3,IF(AND(MID(SELECT80D,1,1)=""6"",OR(MID(SELECT80DC,1,1)=""1"",MID(SELECT80DC,1,1)=""2"",MID(SELECT80DC,1,1)=""3"")),4,0))))",TO_IMPLEMENT,
Income Details,visible,BD143,,"IF(BD142=1,MIN(25000,BD141),IF(BD142=2,MIN(25000,BD141),IF(BD142=3,MIN(50000,BD141),IF(BD142=4,MIN(75000,BD141),BD141))))",TO_IMPLEMENT,
Income Details,visible,BG143,,"MID(SELECT80DC,1,1)",TO_IMPLEMENT,
Income Details,visible,BH143,Temp80DC,"MIN(IF(BG143=""1"",5000,IF(BG143=""2"",5000,IF(BG143=""3"",5000,0))),TOTAL_INCOME,IF(IncD.Section80DC="""",0,IncD.Section80DC))",TO_IMPLEMENT,
Income Details,visible,AB144,IncD.Section80DD,"IF(BacValue=1,0,Amtdeduction_80DD)",TO_IMPLEMENT,
Income Details,visible,AN144,IncD.Section80DD_Calc,"IF(BacValue=1,0,IncD.Section80DD)",TO_IMPLEMENT,
Income Details,visible,BG144,,"MID(Naturedisability_80DD_v1,1,1)",TO_IMPLEMENT,
Income Details,visible,BH144,,"IF(BG144=""1"",75000,IF(BG144=""2"",125000,0))",TO_IMPLEMENT,
Income Details,visible,AN145,IncD.Section80DDB_Calc,"IF(ISERROR(IncdSection80DD),0,IncdSection80DD)",TO_IMPLEMENT,
Income Details,visible,AN147,IncD.Section80E_Calc,"MIN(VALUE(IncD.Section80E),TOTAL_INCOME)",TO_IMPLEMENT,
Income Details,visible,AN148,IncD.Section80EE_Calc,"MIN(MIN(VALUE(IncD.Section80EE),TOTAL_INCOME),50000)",TO_IMPLEMENT,
Income Details,visible,AN149,IncD.Section80EEA_Calc,"MIN(MIN(VALUE(IncD.Section80EEA),TOTAL_INCOME),150000)",TO_IMPLEMENT,
Income Details,visible,AN150,IncD.Section80EEB_Calc,"MIN(MIN(VALUE(IncD.Section80EEB),TOTAL_INCOME),150000)",TO_IMPLEMENT,
Income Details,visible,AB151,IncD.Section80G,"IF(BacValue=1,0,MIN(TOTAL_INCOME,Per5080G.TotalEligibleDonationsUs80G))",TO_IMPLEMENT,
Income Details,visible,AN151,IncD.Section80G_Calc,IncD.Section80G,TO_IMPLEMENT,
Income Details,visible,AN152,IncD.Section80GG_Calc,"MIN(MIN(ROUND(MIN(IF(HRA>0,55000,60000), 0.25*(MAX(0,TOTAL_INCOME-(SUM(AN115:AW151)+SUM(AN154:AW161)+0)))),0),VALUE(IncD.Section80GG)),TOTAL_INCOME)",TO_IMPLEMENT,
Income Details,visible,AB154,IncD.Section80GGA,"IF(BacValue=1,0,Total_Donation_80GGA)",TO_IMPLEMENT,
Income Details,visible,AN154,IncD.Section80GGA_Calc,"IF(BacValue=1,0,Total_Donation_Eligible_80GGA)",TO_IMPLEMENT,
Income Details,visible,AB155,IncD.Section80GGC,"IF(BacValue=1,0,Total_Donation_80GGC)",TO_IMPLEMENT,
Income Details,visible,AN155,IncD.Section80GGC_Calc,"IF(BacValue=1,0,Total_Donation_Eligible_80GGC)",TO_IMPLEMENT,
Income Details,visible,AN158,IncD.Section80TTA_Calc,"MIN(MIN(VALUE(IncD.Section80TTA),10000),MAX(0,MIN(TOTAL_INCOME,MAX(0,tta))))",TO_IMPLEMENT,
Income Details,visible,BD158,tta,SUM(Others.Amount_2_3),TO_IMPLEMENT,
Income Details,visible,AN159,IncD.Section80TTB_Calc,"MIN(MIN(VALUE(IncD.Section80TTB),50000),MAX(0,MIN(TOTAL_INCOME,MAX(0,ttb))))",TO_IMPLEMENT,
Income Details,visible,BD159,ttb,"SUM(Others.Amount_2_4,Others.Amount_2_5)",TO_IMPLEMENT,
Income Details,visible,AB160,IncD.Section80U,"IF(BacValue=1,0,Amtdeduction_80U)",TO_IMPLEMENT,
Income Details,visible,AN160,IncD.Section80U_Calc,"IF(BacValue=1,0,IncD.Section80U)",TO_IMPLEMENT,
Income Details,visible,BG160,,"MID(Naturedisability_80U_v1,1,1)",TO_IMPLEMENT,
Income Details,visible,BH160,,"IF(BG160=""1"",75000,IF(BG160=""2"",125000,0))",TO_IMPLEMENT,
Income Details,visible,AN161,IncD.AnyOtherDeductions_Calc,"IF(IncD.AnyOtherDeductions>0,MIN(IncD.AnyOtherDeductions,MIN((ROUND(IncD.Allowances*46.2/100,0)),288000)),0)",TO_IMPLEMENT,
Income Details,visible,BG161,,"MID(SELECT80U,1,1)",TO_IMPLEMENT,
Income Details,visible,BH161,,"IF(BG161=""1"",75000,IF(BG161=""2"",125000,0))",TO_IMPLEMENT,
Income Details,visible,AB163,IncD.TotalChapVIADeductions_Input,"SUM(AB115:AM116,IncD.Section80CCD_SE,IncD.Section80CCD1B_SE,AB137:AM152,AB154:AM161)",TO_IMPLEMENT,
Income Details,visible,AO163,IncD.TotalChapVIADeductions,"ROUND(MAX(MIN(MIN(IncD.TotalChapVIADeductions_Input,SUM(AN115:AW116,IncD.Section80CCD_Calc_SE,IncD.Section80CCD1B_Calc_SE,AN137:AW152,AN154:AW161)),IncD.GrossTotIncome),0),0)",TO_IMPLEMENT,
Income Details,visible,AO164,IncD.TotalIncome,"ROUND(MAX(0,IncD.GrossTotIncome-IncD.TotalChapVIADeductions),-1)",TO_IMPLEMENT,
Income Details,visible,AO165,IncD.TotalIncome_New,"ROUND(MAX(0,IncD.GrossTotIncome_New-IncD.TotalChapVIADeductions),-1)",TO_IMPLEMENT,
Income Details,visible,F169,,F168+1,TO_IMPLEMENT,
Income Details,visible,BA169,grosssalandexemptincome_hidden,"SUMIF(Others.NOI,""Sec 10(11) Statutory Provident Fund received"",Others.Amount) + SUMIF(Others.NOI,""Sec 10(12) Recognized Provident Fund received"",Others.Amount) + SUMIF(Others.NOI,""Sec 10(13) Approved superannuation fund received"",Others.Amount) + SUMIF(Others.NOI,""Sec 10(18) Pension received by winner of  """"Param Vir Chakra"""" or """"Maha Vir Chakra"""" or """"Vir Chakra"""" or such other gallantry award""",TO_IMPLEMENT,
Income Details,visible,BB169,grossSalary_exempt_familyPension,SUM(grosssalandexemptincome_hidden+TotFamilyPension),TO_IMPLEMENT,
Income Details,visible,AO171,ExemptIncomeTotal,SUM(Others.Amount),TO_IMPLEMENT,
Income Details,visible,AO175,IncD.CG_LTCG,"IF((MAX(0,(IncD.Sale_LTCG-IncD.Cost_LTCG)))>125000,0,MAX(0,(IncD.Sale_LTCG-IncD.Cost_LTCG)))",TO_IMPLEMENT,
Income Details,visible,AO177,IncD.Rebate87A,"IF(BacValue=2,IF((IncD.TotalIncome_New)<=500000,MIN(IncD.TotalTaxPayable,12500),0),IF(BacValue=1,IF((IncD.TotalIncome)<=1200000,MIN(IncD.TotalTaxPayable,60000),IF((IncD.TotalTaxPayable>(IncD.TotalIncome-1200000)),(IncD.TotalTaxPayable-(IncD.TotalIncome-1200000)),0)),0))",TO_IMPLEMENT,
Income Details,visible,BG177,,"IF(BacValue=2,IF((IncD.TotalIncome)<=500000,MIN(IncD.TotalTaxPayable,12500),0),IF(BacValue=1,IF((IncD.TotalIncome)<=700000,MIN(IncD.TotalTaxPayable,25000),IF((IncD.TotalTaxPayable>(IncD.TotalIncome-700000)),(IncD.TotalTaxPayable-(IncD.TotalIncome-700000)),0)),0))",TO_IMPLEMENT,
Income Details,visible,AO178,IncD.TaxPayableOnRebate,"ROUND(IncD.TotalTaxPayable-IncD.Rebate87A,0)",TO_IMPLEMENT,
Income Details,visible,AO180,IncD.EducationCess,"ROUND((IncD.TaxPayableOnRebate)*0.04,0)",TO_IMPLEMENT,
Income Details,visible,AO181,IncD.GrossTaxLiability,"ROUND(IncD.TaxPayableOnRebate+IncD.EducationCess,0)",TO_IMPLEMENT,
Income Details,visible,AZ182,IncD.Section89New,"IF(IncD.TotalTaxPayable<=0,0,ROUND(((IncD.TotalHeadSalaries-IncomeNotified89A-IncomeNotifiedOther89A+TotFamilyPension-IncD.LessDeduction57)/(IncD.TotalIncome))*IncD.TotalTaxPayable,0))",TO_IMPLEMENT,
Income Details,visible,AZ183,IncD.Section89ANew,"IF(IncD.TotalTaxPayable<=0,0,ROUND(((IncomeNotified89A)/(IncD.TotalIncome))*IncD.TotalTaxPayable,0))",TO_IMPLEMENT,
Income Details,visible,AO184,IncD.NetTaxLiability,"ROUND(MAX(IncD.GrossTaxLiability-IncD.Section89-IncD.Section89A,0),0)",TO_IMPLEMENT,
Income Details,visible,BI184,EntryDate,"VALUE(MID(Ver.Date,1,2))",TO_IMPLEMENT,
Income Details,visible,BI185,EntryMonth,"VALUE(MID(Ver.Date,4,2))",TO_IMPLEMENT,
Income Details,visible,BI186,EntryYear,"VALUE(MID(Ver.Date,7,4))",TO_IMPLEMENT,
Income Details,visible,AO190,IncD.TotalIntrstPay,"SUM(IncD.IntrstPayUs234A,IncD.IntrstPayUs234B,IncD.IntrstPayUs234C,IncD.IntrstPayUs234F,IncD.Section234I)",TO_IMPLEMENT,
Income Details,visible,AO191,IncD.TotTaxPlusIntrstPay,IncD.GrossTaxLiability+IncD.IntrstPayUs234A+IncD.IntrstPayUs234B+IncD.IntrstPayUs234C+IncD.IntrstPayUs234F-IncD.Section89,TO_IMPLEMENT,
HP,visible,F10,,F9+1,TO_IMPLEMENT,
HP,visible,F11,,F10+1,TO_IMPLEMENT,
HP,visible,F12,,,TO_IMPLEMENT,
HP,visible,F13,,,TO_IMPLEMENT,
HP,visible,F14,,,TO_IMPLEMENT,
HP,visible,F15,,,TO_IMPLEMENT,
HP,visible,F19,,F18+1,TO_IMPLEMENT,
HP,visible,F20,,F19+1,TO_IMPLEMENT,
HP,visible,I24,HP.TotalUnrealizedAndTax1,SUM(I22:I23),TO_IMPLEMENT,
HP,visible,K25,HP.BalanceALV1,"MAX((HP.AnnualLetableValue1-HP.TotalUnrealizedAndTax1),0)",TO_IMPLEMENT,
HP,visible,K26,HP.IncomeOfHPInOwnHand1,"MAX(ROUND(((K8/100)*K25),0),0)",TO_IMPLEMENT,
HP,visible,I27,HP.ThirtyPercentOfBalance1,"MAX(ROUND(IF(((30/100)*K26) < 0,0,(30/100*K26)),0),0)",TO_IMPLEMENT,
HP,visible,O32,Combination_24B1,"TRIM(F32)&""_""&TRIM(G32)&""_""&TRIM(H32)&""_""&TRIM(I32)",TO_IMPLEMENT,
HP,visible,D33,,D32+1,TO_IMPLEMENT,
HP,visible,O33,,"TRIM(F33)&""_""&TRIM(G33)&""_""&TRIM(H33)&""_""&TRIM(I33)",TO_IMPLEMENT,
HP,visible,D34,,D33+1,TO_IMPLEMENT,
HP,visible,O34,,,TO_IMPLEMENT,
HP,visible,D35,,,TO_IMPLEMENT,
HP,visible,O35,,,TO_IMPLEMENT,
HP,visible,K36,TotAmt.24b1,SUM(Intrst.24b1),TO_IMPLEMENT,
HP,visible,K37,HP.TotalDeduct1,SUM(I27:I28),TO_IMPLEMENT,
HP,visible,K39,HP.IncomeOfHP1,(K26-K37+K38),TO_IMPLEMENT,
HP,visible,T41,Country_1B,"IF(AND(HP.CountryCode2<>"""",HP.CountryCode2<>""(Select)"",HP.CountryCode2<>""91-INDIA""),""Data"",""NoData"")",TO_IMPLEMENT,
HP,visible,P42,,"IF(HP.AddrDetail2<>"""",""Data"",""NoData"")",TO_IMPLEMENT,
HP,visible,Q42,,"IF(HP.CityOrTownOrDistrict2<>"""",""Data"",""NoData"")",TO_IMPLEMENT,
HP,visible,R42,,"IF(HP.PinCode2<>"""",""Data"",""NoData"")",TO_IMPLEMENT,
HP,visible,S42,,"IF(AND(HP.StateCode2<>"""",HP.StateCode2<>""(Select)""),""Data"",""NoData"")",TO_IMPLEMENT,
HP,visible,T42,,"IF(AND(HP.OwnerProperty2<>"""",HP.OwnerProperty2<>""(Select)""),""Data"",""NoData"")",TO_IMPLEMENT,
HP,visible,U42,,"IF(AND(HP.CoOwnedYN2<>"""",HP.CoOwnedYN2<>""(Select)""),""Data"",""NoData"")",TO_IMPLEMENT,
HP,visible,V42,,"IF(OR(S43<>S44,T43<>T44),""Data"",""NoData"")",TO_IMPLEMENT,
HP,visible,W42,,"IF(AND(HP.ifLetOut2<>"""",HP.ifLetOut2<>""(Select)""),""Data"",""NoData"")",TO_IMPLEMENT,
HP,visible,Q43,Block_1B,"COUNTIF(P42:V42,""Data"")",TO_IMPLEMENT,
HP,visible,R43,Final_1B,"IF(AND(Block_1B=0,HP.CountryCode2=""91-INDIA""),""NoData"",""Data"")",TO_IMPLEMENT,
HP,visible,S43,,"COUNTIF(HP.Co.Name2,"""")",TO_IMPLEMENT,
HP,visible,T43,,"COUNTIF(HP.Co.Share2,"""")",TO_IMPLEMENT,
HP,visible,S44,,ROWS(HP.Co.Name2),TO_IMPLEMENT,
HP,visible,T44,,ROWS(HP.Co.Share2),TO_IMPLEMENT,
HP,visible,F46,,F45+1,TO_IMPLEMENT,
HP,visible,F47,,F46+1,TO_IMPLEMENT,
HP,visible,F48,,,TO_IMPLEMENT,
HP,visible,F49,,,TO_IMPLEMENT,
HP,visible,F50,,,TO_IMPLEMENT,
HP,visible,F51,,,TO_IMPLEMENT,
HP,visible,F55,,F54+1,TO_IMPLEMENT,
HP,visible,F56,,F55+1,TO_IMPLEMENT,
HP,visible,I60,HP.TotalUnrealizedAndTax2,SUM(I58:I59),TO_IMPLEMENT,
HP,visible,K61,HP.BalanceALV2,"MAX((K57-I60),0)",TO_IMPLEMENT,
HP,visible,K62,HP.IncomeOfHPInOwnHand2,"MAX(0,ROUND(((K44/100)*K61),0))",TO_IMPLEMENT,
HP,visible,I63,HP.ThirtyPercentOfBalance2,"MAX(ROUND(IF(((30/100)*K62) < 0,0,(30/100*K62)),0),0)",TO_IMPLEMENT,
HP,visible,O68,Combination_24B2,"TRIM(F68)&""_""&TRIM(G68)&""_""&TRIM(H68)&""_""&TRIM(I68)",TO_IMPLEMENT,
HP,visible,D69,,D68+1,TO_IMPLEMENT,
HP,visible,O69,,"TRIM(F69)&""_""&TRIM(G69)&""_""&TRIM(H69)&""_""&TRIM(I69)",TO_IMPLEMENT,
HP,visible,D70,,D69+1,TO_IMPLEMENT,
HP,visible,O70,,"TRIM(F70)&""_""&TRIM(G70)&""_""&TRIM(H70)&""_""&TRIM(I70)",TO_IMPLEMENT,
HP,visible,D71,,D70+1,TO_IMPLEMENT,
HP,visible,O71,,"TRIM(F71)&""_""&TRIM(G71)&""_""&TRIM(H71)&""_""&TRIM(I71)",TO_IMPLEMENT,
HP,visible,K72,TotAmt.24b2,SUM(Intrst.24b2),TO_IMPLEMENT,
HP,visible,K73,HP.TotalDeduct2,"SUM(I63,I64)",TO_IMPLEMENT,
HP,visible,K75,HP.IncomeOfHP2,(K62-K73+K74),TO_IMPLEMENT,
HP,visible,K76,HP.TotalIncomeChargeableUnHP,"MAX(-200000,HP.IncomeOfHP1+HP.IncomeOfHP2)",TO_IMPLEMENT,
Schedule EA 10(13A),hidden,G7,Sch10of13A_DetlsofSalpersec17of1,"IF(AND(BacValue=2,MID(_xlfn.SINGLE(sheet1.EmployerCategory1),1,3)<>""Not""),MAX(0,SUM(Sch10of13A_BasicSalary,Sch10of13A_DearAllowance)),0)",TO_IMPLEMENT,
Schedule EA 10(13A),hidden,G10,Sch10of13A_Actlrentpaid10persalaryB,"IF(AND(BacValue=2,MID(_xlfn.SINGLE(sheet1.EmployerCategory1),1,3)<>""Not""),MAX(0,(Sch10of13A_ActlRentpaid-ROUND((Sch10of13A_DetlsofSalpersec17of1*0.1),0))),0)",TO_IMPLEMENT,
Schedule EA 10(13A),hidden,G12,Sch10of13A_ElgiblExmptAllwnce10of13A,"IF(AND(BacValue=2,MID(_xlfn.SINGLE(sheet1.EmployerCategory1),1,3)<>""Not""),MIN(Sch10of13A_ActlHRArecivedA,Sch10of13A_Actlrentpaid10persalaryB,Sch10of13A_50Por40Pofsalary),0)",TO_IMPLEMENT,
Schedule 24(b),hidden,W5,,"TRIM(G5)&""_""&TRIM(H5)&""_""&TRIM(I5)&""_""&TRIM(J5)",TO_IMPLEMENT,
Schedule 24(b),hidden,C6,,C5+1,TO_IMPLEMENT,
Schedule 24(b),hidden,W6,,"TRIM(G6)&""_""&TRIM(H6)&""_""&TRIM(I6)&""_""&TRIM(J6)",TO_IMPLEMENT,
Schedule 24(b),hidden,C7,,C6+1,TO_IMPLEMENT,
Schedule 24(b),hidden,W7,,,TO_IMPLEMENT,
Schedule 24(b),hidden,C8,,C7+1,TO_IMPLEMENT,
Schedule 24(b),hidden,W8,,,TO_IMPLEMENT,
Schedule 24(b),hidden,L10,TotAmt.24b,SUM(Intrst.24b),TO_IMPLEMENT,
Part A Gen_139(8A),hidden,E7,U_PAN,"IF(sheet1.PAN="""","""",sheet1.PAN)",TO_IMPLEMENT,
Part A Gen_139(8A),hidden,T7,U_Name,"CONCATENATE(sheet1.FirstName,"" "",sheet1.MiddleName,"" "",sheet1.SurNameOrOrgName)",TO_IMPLEMENT,
Part A Gen_139(8A),hidden,E9,U_AadhaarCardNo,"IF(Sheet1.Aadhaar="""","""",Sheet1.Aadhaar)",TO_IMPLEMENT,
Part A Gen_139(8A),hidden,AZ18,Reason1,"COUNTIF(U_ReasonsForUpdatingIncome,""Reduction of carried forward loss"")",TO_IMPLEMENT,
Part A Gen_139(8A),hidden,BA18,Reason2,"COUNTIF(U_ReasonsForUpdatingIncome,""Reduction of unabsorbed depreciation"")",TO_IMPLEMENT,
Part A Gen_139(8A),hidden,BB18,Reason3,"COUNTIF(U_ReasonsForUpdatingIncome,""Reduction of tax credit u/s 115JB/115JC"")",TO_IMPLEMENT,
Part A Gen_139(8A),hidden,AZ24,U_UnabsorbedDepreciationYear_1,"COUNTIF(U_UnabsorbedDepreciationYear,""2023"")",TO_IMPLEMENT,
Part A Gen_139(8A),hidden,BA24,U_UnabsorbedDepreciationYear_2,"COUNTIF(U_UnabsorbedDepreciationYear,""2024"")",TO_IMPLEMENT,
TDS,visible,D7,,D6+1,TO_IMPLEMENT,
TDS,visible,D8,,D7+1,TO_IMPLEMENT,
TDS,visible,D9,,D8+1,TO_IMPLEMENT,
TDS,visible,D10,,D9+1,TO_IMPLEMENT,
TDS,visible,H11,TDSal.Sum,SUM(TDSal.TotalTDSSalary),TO_IMPLEMENT,
TDS,visible,N11,TDS.IncSum,SUM(TDSal.IncChrgSalary),TO_IMPLEMENT,
TDS,visible,D18,,D17+1,TO_IMPLEMENT,
TDS,visible,D19,,D18+1,TO_IMPLEMENT,
TDS,visible,D20,,D19+1,TO_IMPLEMENT,
TDS,visible,D21,,D20+1,TO_IMPLEMENT,
TDS,visible,K22,TDSoth.Sum,SUM(TDSoth.6income),TO_IMPLEMENT,
TDS,visible,P23,IT_Sat_6New,"SUMIF(FormulaOfSATNew,""=1"",TaxP.Amt)",TO_IMPLEMENT,
TDS,visible,O24,IT.Sat3,"SUMIF(FormulaOfSAT,""=3"",TaxP.Amt)",TO_IMPLEMENT,
TDS,visible,P24,IT.Sat6,"SUMIF(FormulaOfSAT,""=6"",TaxP.Amt)",TO_IMPLEMENT,
TDS,visible,Q24,IT.Sat9,"SUMIF(FormulaOfSAT,""=9"",TaxP.Amt)",TO_IMPLEMENT,
TDS,visible,R24,IT.Sat13,"SUMIF(FormulaOfSAT,""=13"",TaxP.Amt)",TO_IMPLEMENT,
TDS,visible,S24,IT.Sat17,"SUMIF(FormulaOfSAT,""=17"",TaxP.Amt)",TO_IMPLEMENT,
TDS,visible,T24,IT.Sat21,"SUMIF(FormulaOfSAT,""=21"",TaxP.Amt)",TO_IMPLEMENT,
TDS,visible,D29,,D28+1,TO_IMPLEMENT,
TDS,visible,D30,,D29+1,TO_IMPLEMENT,
TDS,visible,D31,,D30+1,TO_IMPLEMENT,
TDS,visible,L32,TDS26QB.Sum,SUM(TDS26QB.6income),TO_IMPLEMENT,
TDS,visible,P34,IT.Sat2,"SUMIF(FormulaOfSAT,""=2"",TaxP.Amt)",TO_IMPLEMENT,
TDS,visible,Q34,IT.Sat5,"SUMIF(FormulaOfSAT,""=5"",TaxP.Amt)",TO_IMPLEMENT,
TDS,visible,R34,IT.Sat8,"SUMIF(FormulaOfSAT,""=8"",TaxP.Amt)",TO_IMPLEMENT,
TDS,visible,S34,IT.Sat12,"SUMIF(FormulaOfSAT,""=12"",TaxP.Amt)",TO_IMPLEMENT,
TDS,visible,T34,IT.Sat16,"SUMIF(FormulaOfSAT,""=16"",TaxP.Amt)",TO_IMPLEMENT,
TDS,visible,U34,IT.Sat20,"SUMIF(FormulaOfSAT,""=20"",TaxP.Amt)",TO_IMPLEMENT,
TDS,visible,V34,IT.Sat24,"SUMIF(FormulaOfSAT,""=24"",TaxP.Amt)",TO_IMPLEMENT,
TDS,visible,O35,TN.Flag,FALSE,TO_IMPLEMENT,
TDS,visible,P35,IT.Sat1,"SUMIF(FormulaOfSAT,""=1"",TaxP.Amt)",TO_IMPLEMENT,
TDS,visible,Q35,IT.Sat4,"SUMIF(FormulaOfSAT,""=4"",TaxP.Amt)",TO_IMPLEMENT,
TDS,visible,R35,IT.Sat7,"SUMIF(FormulaOfSAT,""=7"",TaxP.Amt)",TO_IMPLEMENT,
TDS,visible,S35,IT.Sat11,"SUMIF(FormulaOfSAT,""=11"",TaxP.Amt)",TO_IMPLEMENT,
TDS,visible,T35,IT.Sat15,"SUMIF(FormulaOfSAT,""=15"",TaxP.Amt)",TO_IMPLEMENT,
TDS,visible,U35,IT.Sat19,"SUMIF(FormulaOfSAT,""=19"",TaxP.Amt)",TO_IMPLEMENT,
TDS,visible,V35,IT.Sat23,"SUMIF(FormulaOfSAT,""=23"",TaxP.Amt)",TO_IMPLEMENT,
TDS,visible,X35,ExSAT,"SUMIF(IT_DueDate,""=1"",TaxP.Amt)",TO_IMPLEMENT,
TDS,visible,S36,IT.Sat10,"SUMIF(FormulaOfSAT,""=10"",TaxP.Amt)",TO_IMPLEMENT,
TDS,visible,T36,IT.Sat14,"SUMIF(FormulaOfSAT,""=14"",TaxP.Amt)",TO_IMPLEMENT,
TDS,visible,U36,IT.Sat18,"SUMIF(FormulaOfSAT,""=18"",TaxP.Amt)",TO_IMPLEMENT,
TDS,visible,V36,IT.Sat22,"SUMIF(FormulaOfSAT,""=22"",TaxP.Amt)",TO_IMPLEMENT,
TDS,visible,N38,,"VALUE(MID(F38,7,4))",TO_IMPLEMENT,
TDS,visible,O38,,"VALUE(MID(F38,1,2))",TO_IMPLEMENT,
TDS,visible,P38,,"VALUE(MID(F38,4,2))",TO_IMPLEMENT,
TDS,visible,Q38,IT.FormulaOFS,"IF(N38>IT_Quarter,2,IF(N38>=IT_Quarter,IF(P38>=4,2,1),1))",TO_IMPLEMENT,
TDS,visible,R38,FormulaOfQ,"IF(TN.Flag,U38,T38)",TO_IMPLEMENT,
TDS,visible,S38,FormulaOfSAT,"IF(N38<=IT_Quarter,IF(Q38>1,IF(P38<4,P38+9,P38-3),0),P38+9)",TO_IMPLEMENT,
TDS,visible,T38,,"IF(Q38>1,6,IF(N38<IT_Quarter,IF((P38=6)*(O38>16),2,IF(P38<8,1,IF((P38=9)*(O38>20),3,IF(P38<10,2,IF((P38=12)*(O38>=16),4,IF(P38<13,3,4)))))),IF(P38<3,4,IF(O38<17,4,5))))",TO_IMPLEMENT,
TDS,visible,U38,,"IF(Q38>1,6,IF(N38<IT_Quarter,IF((P38=6)*(O38>15),2,IF(P38<7,1,IF((P38=9)*(O38>16),3,IF(P38<10,2,IF((P38=12)*(O38>31),4,IF(P38<13,3,4)))))),IF(P38<3,4,IF(O38<17,4,5))))",TO_IMPLEMENT,
TDS,visible,V38,FormulaOfSAT1,"IF(N38<=IT_Quarter,IF(Q38>1,IF(P38<4,P38+9,P38-3),0),P38 -3 + MAX(N38-IT_Quarter) *12)",TO_IMPLEMENT,
TDS,visible,W38,FormulaOfSATNew,"IF(AND(Q38=2,P38=9,O38<=15),1,0)",TO_IMPLEMENT,
TDS,visible,X38,IT_DueDate,"IF(AND(Q38=2,P38=VALUE(MID(DueDate1,4,2)),O38<=VALUE(MID(DueDate1,1,2))),1,0 )",TO_IMPLEMENT,
TDS,visible,XFD38,,"IF(N38<=2026,IF(Q38>1,IF(P38>=9,IF(P38<VALUE(MID(DueDate1,4,2)),""A"",IF(AND(P38=VALUE(MID(DueDate1,4,2)),O38<=VALUE(MID(DueDate1,1,2))),""A"",P38-3)),P38-3),0),P38+9)",TO_IMPLEMENT,
TDS,visible,D39,,D38+1,TO_IMPLEMENT,
TDS,visible,N39,,,TO_IMPLEMENT,
TDS,visible,O39,,,TO_IMPLEMENT,
TDS,visible,P39,,,TO_IMPLEMENT,
TDS,visible,Q39,,,TO_IMPLEMENT,
TDS,visible,R39,,,TO_IMPLEMENT,
TDS,visible,S39,,,TO_IMPLEMENT,
TDS,visible,T39,,"IF(Q39>1,6,IF(N39<IT_Quarter,IF((P39=6)*(O39>16),2,IF(P39<8,1,IF((P39=9)*(O39>20),3,IF(P39<10,2,IF((P39=12)*(O39>=16),4,IF(P39<13,3,4)))))),IF(P39<3,4,IF(O39<17,4,5))))",TO_IMPLEMENT,
TDS,visible,U39,,,TO_IMPLEMENT,
TDS,visible,V39,,,TO_IMPLEMENT,
TDS,visible,W39,,"IF(AND(Q39=2,P39=9,O39<=15),1,0)",TO_IMPLEMENT,
TDS,visible,X39,,"IF(AND(Q39=2,P39=VALUE(MID(DueDate1,4,2)),O39<=VALUE(MID(DueDate1,1,2))),1,0 )",TO_IMPLEMENT,
TDS,visible,XFD39,,"IF(AND(Q38=2,P38=VALUE(MID(DueDate1,4,2)),O38<=VALUE(MID(DueDate1,1,2))),1,0 )",TO_IMPLEMENT,
TDS,visible,D40,,,TO_IMPLEMENT,
TDS,visible,N40,,,TO_IMPLEMENT,
TDS,visible,O40,,,TO_IMPLEMENT,
TDS,visible,P40,,,TO_IMPLEMENT,
TDS,visible,Q40,,,TO_IMPLEMENT,
TDS,visible,R40,,,TO_IMPLEMENT,
TDS,visible,S40,,,TO_IMPLEMENT,
TDS,visible,T40,,"IF(Q40>1,6,IF(N40<IT_Quarter,IF((P40=6)*(O40>16),2,IF(P40<8,1,IF((P40=9)*(O40>20),3,IF(P40<10,2,IF((P40=12)*(O40>=16),4,IF(P40<13,3,4)))))),IF(P40<3,4,IF(O40<17,4,5))))",TO_IMPLEMENT,
TDS,visible,U40,,,TO_IMPLEMENT,
TDS,visible,V40,,,TO_IMPLEMENT,
TDS,visible,W40,,,TO_IMPLEMENT,
TDS,visible,X40,,"IF(AND(Q40=2,P40=VALUE(MID(DueDate1,4,2)),O40<=VALUE(MID(DueDate1,1,2))),1,0 )",TO_IMPLEMENT,
TDS,visible,D41,,,TO_IMPLEMENT,
TDS,visible,N41,,,TO_IMPLEMENT,
TDS,visible,O41,,,TO_IMPLEMENT,
TDS,visible,P41,,,TO_IMPLEMENT,
TDS,visible,Q41,,,TO_IMPLEMENT,
TDS,visible,R41,,,TO_IMPLEMENT,
TDS,visible,S41,,,TO_IMPLEMENT,
TDS,visible,T41,,"IF(Q41>1,6,IF(N41<IT_Quarter,IF((P41=6)*(O41>16),2,IF(P41<8,1,IF((P41=9)*(O41>20),3,IF(P41<10,2,IF((P41=12)*(O41>=16),4,IF(P41<13,3,4)))))),IF(P41<3,4,IF(O41<17,4,5))))",TO_IMPLEMENT,
TDS,visible,U41,,,TO_IMPLEMENT,
TDS,visible,V41,,,TO_IMPLEMENT,
TDS,visible,W41,,,TO_IMPLEMENT,
TDS,visible,X41,,"IF(AND(Q41=2,P41=VALUE(MID(DueDate1,4,2)),O41<=VALUE(MID(DueDate1,1,2))),1,0 )",TO_IMPLEMENT,
TDS,visible,D42,,,TO_IMPLEMENT,
TDS,visible,N42,,,TO_IMPLEMENT,
TDS,visible,O42,,,TO_IMPLEMENT,
TDS,visible,P42,,,TO_IMPLEMENT,
TDS,visible,Q42,,,TO_IMPLEMENT,
TDS,visible,R42,,,TO_IMPLEMENT,
TDS,visible,S42,,,TO_IMPLEMENT,
TDS,visible,T42,,"IF(Q42>1,6,IF(N42<IT_Quarter,IF((P42=6)*(O42>16),2,IF(P42<8,1,IF((P42=9)*(O42>20),3,IF(P42<10,2,IF((P42=12)*(O42>=16),4,IF(P42<13,3,4)))))),IF(P42<3,4,IF(O42<17,4,5))))",TO_IMPLEMENT,
TDS,visible,U42,,,TO_IMPLEMENT,
TDS,visible,V42,,,TO_IMPLEMENT,
TDS,visible,W42,,,TO_IMPLEMENT,
TDS,visible,X42,,"IF(AND(Q42=2,P42=VALUE(MID(DueDate1,4,2)),O42<=VALUE(MID(DueDate1,1,2))),1,0 )",TO_IMPLEMENT,
TDS,visible,H43,TaxP.Sum,SUM(TaxP.Amt),TO_IMPLEMENT,
TCS,visible,D7,,D6+1,TO_IMPLEMENT,
TCS,visible,D8,,D7+1,TO_IMPLEMENT,
TCS,visible,D9,,D8+1,TO_IMPLEMENT,
TCS,visible,J10,TCS.Sum,SUM(TCS.AmtTCSClaimedThisYear),TO_IMPLEMENT,
Taxes Paid and Verification,visible,I8,IncD.TotalTaxesPaid,"MAX(SUM(I4:I7),0)",TO_IMPLEMENT,
Taxes Paid and Verification,visible,I9,IncD.BalTaxPayable,"ROUND(IF(IncD.TotTaxPlusIntrstPay>IncD.TotalTaxesPaid, MAX(IncD.TotTaxPlusIntrstPay-IncD.TotalTaxesPaid,0),0),-1)",TO_IMPLEMENT,
Taxes Paid and Verification,visible,I10,IncD.RefundDue,"ROUND(IF(IncD.TotTaxPlusIntrstPay<IncD.TotalTaxesPaid, MAX(IncD.TotalTaxesPaid-IncD.TotTaxPlusIntrstPay,0),0),-1)",TO_IMPLEMENT,
Taxes Paid and Verification,visible,F19,,F18+1,TO_IMPLEMENT,
Taxes Paid and Verification,visible,F21,,F20+1,TO_IMPLEMENT,
Taxes Paid and Verification,visible,F22,,F21+1,TO_IMPLEMENT,
Taxes Paid and Verification,visible,F23,,F22+1,TO_IMPLEMENT,
Taxes Paid and Verification,visible,I26,Total_Exempt,SUM(Others.Amount),TO_IMPLEMENT,
Taxes Paid and Verification,visible,O33,,"IF(F33<>"""",VLOOKUP(MID(F33,1,4),IFSCBank,2,FALSE))",TO_IMPLEMENT,
Taxes Paid and Verification,visible,E34,,E33+1,TO_IMPLEMENT,
Taxes Paid and Verification,visible,O34,,"IF(F34<>"""",VLOOKUP(MID(F34,1,4),IFSCBank,2,FALSE))",TO_IMPLEMENT,
Taxes Paid and Verification,visible,Y46,age,calculateAge(sheet1.DOB)<18,TO_IMPLEMENT,
Taxes Paid and Verification,visible,G48,Ver.Date,"CONCATENATE(IF(DAY(TODAY())<10,""0"",""""),DAY(TODAY()),""/"",IF(MONTH(TODAY())<10,""0"",""""),MONTH(TODAY()),""/"",YEAR(TODAY()))",TO_IMPLEMENT,
Part B ATI,hidden,Z5,,"MID(sheet1.ReturnFileSec,4,4)",TO_IMPLEMENT,
Part B ATI,hidden,P10,U_Total,"IF(MID(sheet1.ReturnFileSec,4,4)=""(8A)"",SUM(P5:P9),0)",TO_IMPLEMENT,
Part B ATI,hidden,P12,U_UpdatedTotInc,"IF(MID(sheet1.ReturnFileSec,4,4)=""(8A)"",IncD.TotalIncome_New,0)",TO_IMPLEMENT,
Part B ATI,hidden,P13,U_AmtPayable,"IF(MID(sheet1.ReturnFileSec,4,4)=""(8A)"",IncD.BalTaxPayable,0)",TO_IMPLEMENT,
Part B ATI,hidden,P14,U_AmtRefundable,"IF(U_AmtPayable>0,0,IF(MID(sheet1.ReturnFileSec,4,4)=""(8A)"",IncD.RefundDue,0))",TO_IMPLEMENT,
Part B ATI,hidden,S17,Vmonth," VALUE(MID( Ver.Date,4,2))",TO_IMPLEMENT,
Part B ATI,hidden,T17,Vyear," VALUE(MID( Ver.Date,9,4))",TO_IMPLEMENT,
Part B ATI,hidden,P18,U_FeeIncUS234F,"IF(MID(sheet1.ReturnFileSec,4,4)=""(8A)"",IncD.IntrstPayUs234F,0)",TO_IMPLEMENT,
Part B ATI,hidden,S19,,"ROUND((MAX(0,(U_AggrLiabilityRefund+U_AggrLiabilityNoRefund)-U_FeeIncUS234F)*0.25),0)",TO_IMPLEMENT,
Part B ATI,hidden,P21,U_AggrLiabilityRefund,"MAX(0,IF(MID(sheet1.ReturnFileSec,4,4)=""(8A)"",IF(P17>0,P13+P17-(P15+P19+U_AmtRefundable),0),0))",TO_IMPLEMENT,
Part B ATI,hidden,P22,U_AggrLiabilityNoRefund,"MAX(0,IF(MID(sheet1.ReturnFileSec,4,4)=""(8A)"",IF(P17=0,P13+P16-(P15+P19+U_AmtRefundable),0),0))",TO_IMPLEMENT,
Part B ATI,hidden,P23,U_AddtnlIncTax,"MAX(IF(Return_Dropdown=1,ROUND((MAX(0,(U_AggrLiabilityRefund+U_AggrLiabilityNoRefund)-U_FeeIncUS234F)*0.25),0),IF(Return_Dropdown=2,ROUND((MAX(0,(U_AggrLiabilityRefund+U_AggrLiabilityNoRefund)-U_FeeIncUS234F)*0.5),0),IF(Return_Dropdown=3,ROUND((MAX(0,(U_AggrLiabilityRefund+U_AggrLiabilityNoRefund)-U_FeeIncUS234F)*0.6),0),IF(Return_Dropdown=4,ROUND((MAX(0,(U_AggrLiabilityRefund+U_AggrLiabilityNoRef",TO_IMPLEMENT,
Part B ATI,hidden,S23,,"MAX(0,(U_AggrLiabilityRefund+U_AggrLiabilityNoRefund)-U_FeeIncUS234F)",TO_IMPLEMENT,
Part B ATI,hidden,T23,Return_Dropdown,"IF(LEFT(U_UpdatedReturnDuringPeriod,2)=""Up"",1,IF(LEFT(U_UpdatedReturnDuringPeriod,10)=""Between 12"",2,IF(LEFT(U_UpdatedReturnDuringPeriod,10)=""Between 24"",3,IF(LEFT(U_UpdatedReturnDuringPeriod,10)=""Between 36"",4,0))))",TO_IMPLEMENT,
Part B ATI,hidden,U23,,"MAX(IF(Return_Dropdown=1,ROUND((MAX(0,(U_AggrLiabilityRefund+U_AggrLiabilityNoRefund)-U_FeeIncUS234F)*0.25),0),IF(Return_Dropdown=2,ROUND((MAX(0,(U_AggrLiabilityRefund+U_AggrLiabilityNoRefund)-U_FeeIncUS234F)*0.5),0),IF(Return_Dropdown=3,ROUND((MAX(0,(U_AggrLiabilityRefund+U_AggrLiabilityNoRefund)-U_FeeIncUS234F)*0.6),0),IF(Return_Dropdown=4,ROUND((MAX(0,(U_AggrLiabilityRefund+U_AggrLiabilityNoRef",TO_IMPLEMENT,
Part B ATI,hidden,P24,U_NetPayable,"MAX(IF(MID(sheet1.ReturnFileSec,4,4)=""(8A)"",MAX(0,P21+P22+P23),0),0)",TO_IMPLEMENT,
Part B ATI,hidden,P25,U_TaxUS140B,U_Total1,TO_IMPLEMENT,
Part B ATI,hidden,P26,U_TaxDue10_11,"IF(MID(sheet1.ReturnFileSec,4,4)=""(8A)"",MAX(0,P24-P25),0)",TO_IMPLEMENT,
Part B ATI,hidden,E32,,E31+1,TO_IMPLEMENT,
Part B ATI,hidden,K33,U_Total1,"IF(MID(sheet1.ReturnFileSec,4,4)=""(8A)"",SUM(U_Amt1),0)",TO_IMPLEMENT,
Part B ATI,hidden,E40,,E39+1,TO_IMPLEMENT,
Part B ATI,hidden,K41,U_Total2,"IF(MID(sheet1.ReturnFileSec,4,4)=""(8A)"",SUM(U_Amt2),0)",TO_IMPLEMENT,
80D,hidden,L6,Health_Insurance_80D,TotAmtA1.80D,TO_IMPLEMENT,
80D,hidden,D11,,D10+1,TO_IMPLEMENT,
80D,hidden,D12,,D11+1,TO_IMPLEMENT,
80D,hidden,L14,TotAmtA1.80D,SUM(AmtA1.80D),TO_IMPLEMENT,
80D,hidden,L17,Health_InsuranceSC_80D,TotAmtB1.80D,TO_IMPLEMENT,
80D,hidden,D22,,D21+1,TO_IMPLEMENT,
80D,hidden,D23,,D22+1,TO_IMPLEMENT,
80D,hidden,L25,TotAmtB1.80D,SUM(AmtB1.80D),TO_IMPLEMENT,
80D,hidden,L30,Health_Insurance2_80D,TotAmtA2.80D,TO_IMPLEMENT,
80D,hidden,D35,,D34+1,TO_IMPLEMENT,
80D,hidden,D36,,D35+1,TO_IMPLEMENT,
80D,hidden,L38,TotAmtA2.80D,SUM(AmtA2.80D),TO_IMPLEMENT,
80D,hidden,L41,Health_Insurance3_80D,TotAmtB2.80D,TO_IMPLEMENT,
80D,hidden,D46,,D45+1,TO_IMPLEMENT,
80D,hidden,D47,,D46+1,TO_IMPLEMENT,
80D,hidden,L49,TotAmtB2.80D,SUM(AmtB2.80D),TO_IMPLEMENT,
80D,hidden,L52,Eligible_Amount_80D,"MIN(100000,SUM(Self_And_Family_80D,Senior_Citizen_80D,Parents_80D,Parents_SC_80D),TOTAL_INCOME)",TO_IMPLEMENT,
80G,hidden,AE3,C_Eligible,SUM(PerYES10080G.EligibleAmt),TO_IMPLEMENT,
80G,hidden,AF3,D_Eligible,SUM(Per5080G.EligibleAmt),TO_IMPLEMENT,
80G,hidden,AG3,QualifyingAmount80G,"ROUND(0.1*MAX(0,(TOTAL_INCOME-(SUM('Income Details'!AN115:AV148)+SUM('Income Details'!AN154:AV161)+MIN(60000,IncD.Section80GG)+IncD.Section80EEA_Calc++IncD.Section80EEB_Calc))),0)",TO_IMPLEMENT,
80G,hidden,AH3,CD_EligibleAmount,QualifyingAmount80G,TO_IMPLEMENT,
80G,hidden,AI3,CDE_EligibleAmount,"MAX(0,ROUND((CD_EligibleAmount-C_Eligible)/2,0))",TO_IMPLEMENT,
80G,hidden,P8,Per10080G.DonationAmtTotal,"SUM(L8,M8)",TO_IMPLEMENT,
80G,hidden,Q8,Per10080G.EligibleAmt,"MIN(SUM(IF(L8>2000,0,L8),M8),TOTAL_INCOME)",TO_IMPLEMENT,
80G,hidden,U8,,"IF(J8="""","""",COUNTIF(PerNO5080G.DoneePAN,J8)+COUNTIF(PerYES10080G.DoneePAN,J8)+COUNTIF(Per5080G.DoneePAN,J8))",TO_IMPLEMENT,
80G,hidden,X8,Data_80G_A,"IF(L8>0,""Data"",""NoData"")",TO_IMPLEMENT,
80G,hidden,Y8,comb_80G_A,"TRIM(J8)&""_""&TRIM(X8)",TO_IMPLEMENT,
80G,hidden,Z8,Comb_donation_80G_A,"IF(RIGHT(TRIM(J8)&""_""&TRIM(X8),7)=""_NoData"",0,
 IF(COUNTIF(comb_80G_A, TRIM(J8)&""_""&TRIM(X8))>1,1,0))",TO_IMPLEMENT,
80G,hidden,AA8,Comb_PAN_80G_A,"COUNTIF(PerNO5080G.DoneePAN,JK8)+COUNTIF(PerYES10080G.DoneePAN,JK8)+COUNTIF(Per5080G.DoneePAN,JK8)",TO_IMPLEMENT,
80G,hidden,D9,,D8+1,TO_IMPLEMENT,
80G,hidden,P9,,"SUM(L9,M9)",TO_IMPLEMENT,
80G,hidden,Q9,,"MIN(SUM(IF(L9>2000,0,L9),M9),TOTAL_INCOME)",TO_IMPLEMENT,
80G,hidden,U9,,"IF(J9="""","""",COUNTIF(PerNO5080G.DoneePAN,J9)+COUNTIF(PerYES10080G.DoneePAN,J9)+COUNTIF(Per5080G.DoneePAN,J9))",TO_IMPLEMENT,
80G,hidden,X9,,"IF(L9>0,""Data"",""NoData"")",TO_IMPLEMENT,
80G,hidden,Y9,,"TRIM(J9)&""_""&TRIM(X9)",TO_IMPLEMENT,
80G,hidden,Z9,,"IF(RIGHT(TRIM(J9)&""_""&TRIM(X9),7)=""_NoData"",0,
 IF(COUNTIF(comb_80G_A, TRIM(J9)&""_""&TRIM(X9))>1,1,0))",TO_IMPLEMENT,
80G,hidden,AA9,,"COUNTIF(PerNO5080G.DoneePAN,JK9)+COUNTIF(PerYES10080G.DoneePAN,JK9)+COUNTIF(Per5080G.DoneePAN,JK9)",TO_IMPLEMENT,
80G,hidden,D10,,D9+1,TO_IMPLEMENT,
80G,hidden,P10,,"SUM(L10,M10)",TO_IMPLEMENT,
80G,hidden,Q10,,"MIN(SUM(IF(L10>2000,0,L10),M10),TOTAL_INCOME)",TO_IMPLEMENT,
80G,hidden,U10,,"IF(J10="""","""",COUNTIF(PerNO5080G.DoneePAN,J10)+COUNTIF(PerYES10080G.DoneePAN,J10)+COUNTIF(Per5080G.DoneePAN,J10))",TO_IMPLEMENT,
80G,hidden,X10,,,TO_IMPLEMENT,
80G,hidden,Y10,,,TO_IMPLEMENT,
80G,hidden,Z10,,"IF(RIGHT(TRIM(J10)&""_""&TRIM(X10),7)=""_NoData"",0,
 IF(COUNTIF(comb_80G_A, TRIM(J10)&""_""&TRIM(X10))>1,1,0))",TO_IMPLEMENT,
80G,hidden,AA10,,"COUNTIF(PerNO5080G.DoneePAN,JK10)+COUNTIF(PerYES10080G.DoneePAN,JK10)+COUNTIF(Per5080G.DoneePAN,JK10)",TO_IMPLEMENT,
80G,hidden,D11,,D10+1,TO_IMPLEMENT,
80G,hidden,P11,,"SUM(L11,M11)",TO_IMPLEMENT,
80G,hidden,Q11,,"MIN(SUM(IF(L11>2000,0,L11),M11),TOTAL_INCOME)",TO_IMPLEMENT,
80G,hidden,U11,,"IF(J11="""","""",COUNTIF(PerNO5080G.DoneePAN,J11)+COUNTIF(PerYES10080G.DoneePAN,J11)+COUNTIF(Per5080G.DoneePAN,J11))",TO_IMPLEMENT,
80G,hidden,X11,,,TO_IMPLEMENT,
80G,hidden,Y11,,,TO_IMPLEMENT,
80G,hidden,Z11,,"IF(RIGHT(TRIM(J11)&""_""&TRIM(X11),7)=""_NoData"",0,
 IF(COUNTIF(comb_80G_A, TRIM(J11)&""_""&TRIM(X11))>1,1,0))",TO_IMPLEMENT,
80G,hidden,AA11,,"COUNTIF(PerNO5080G.DoneePAN,JK11)+COUNTIF(PerYES10080G.DoneePAN,JK11)+COUNTIF(Per5080G.DoneePAN,JK11)",TO_IMPLEMENT,
80G,hidden,L13,Per10080G.TotDon100Percent,SUM(Per10080G.DonationAmt),TO_IMPLEMENT,
80G,hidden,M13,Per10080G.TotDonOther100Percent,SUM(Per10080G.DonationAmtOther),TO_IMPLEMENT,
80G,hidden,P13,Per10080G.TotDon100PercentTotal,SUM(Per10080G.DonationAmtTotal),TO_IMPLEMENT,
80G,hidden,Q13,Per10080G.TotElig100Percent,"MIN(SUM(Per10080G.EligibleAmt),TOTAL_INCOME)",TO_IMPLEMENT,
80G,hidden,P22,PerNO5080G.DonationAmtTotal,"SUM(L22,M22)",TO_IMPLEMENT,
80G,hidden,Q22,PerNO5080G.EligibleAmt,"ROUND(MIN((SUM(IF(L22>2000,0,L22),M22))/2,TOTAL_INCOME),0)",TO_IMPLEMENT,
80G,hidden,U22,,"IF(J22="""","""",COUNTIF(Per10080G.DoneePAN,J22)+COUNTIF(PerYES10080G.DoneePAN,J22)+COUNTIF(Per5080G.DoneePAN,J22))",TO_IMPLEMENT,
80G,hidden,X22,Data_80G_B,"IF(L22>0,""Data"",""NoData"")",TO_IMPLEMENT,
80G,hidden,Y22,comb_80G_B,"TRIM(J22)&""_""&TRIM(X22)",TO_IMPLEMENT,
80G,hidden,Z22,Comb_donation_80G_B,"IF(RIGHT(TRIM(J22)&""_""&TRIM(X22),7)=""_NoData"",0,
 IF(COUNTIF(comb_80G_B, TRIM(J22)&""_""&TRIM(X22))>1,1,0))",TO_IMPLEMENT,
80G,hidden,AA22,Comb_PAN_80G_B,"COUNTIF(Per10080G.DoneePAN,JK22)+COUNTIF(PerYES10080G.DoneePAN,JK22)+COUNTIF(Per5080G.DoneePAN,JK22)",TO_IMPLEMENT,
80G,hidden,D23,,D22+1,TO_IMPLEMENT,
80G,hidden,P23,,"SUM(L23,M23)",TO_IMPLEMENT,
80G,hidden,Q23,,"ROUND(MIN((SUM(IF(L23>2000,0,L23),M23))/2,TOTAL_INCOME),0)",TO_IMPLEMENT,
80G,hidden,U23,,"IF(J23="""","""",COUNTIF(Per10080G.DoneePAN,J23)+COUNTIF(PerYES10080G.DoneePAN,J23)+COUNTIF(Per5080G.DoneePAN,J23))",TO_IMPLEMENT,
80G,hidden,X23,,"IF(L23>0,""Data"",""NoData"")",TO_IMPLEMENT,
80G,hidden,Y23,,"TRIM(J23)&""_""&TRIM(X23)",TO_IMPLEMENT,
80G,hidden,Z23,,"IF(RIGHT(TRIM(J23)&""_""&TRIM(X23),7)=""_NoData"",0,
 IF(COUNTIF(comb_80G_B, TRIM(J23)&""_""&TRIM(X23))>1,1,0))",TO_IMPLEMENT,
80G,hidden,AA23,,"COUNTIF(Per10080G.DoneePAN,JK23)+COUNTIF(PerYES10080G.DoneePAN,JK23)+COUNTIF(Per5080G.DoneePAN,JK23)",TO_IMPLEMENT,
80G,hidden,D24,,D23+1,TO_IMPLEMENT,
80G,hidden,P24,,"SUM(L24,M24)",TO_IMPLEMENT,
80G,hidden,Q24,,"ROUND(MIN((SUM(IF(L24>2000,0,L24),M24))/2,TOTAL_INCOME),0)",TO_IMPLEMENT,
80G,hidden,U24,,"IF(J24="""","""",COUNTIF(Per10080G.DoneePAN,J24)+COUNTIF(PerYES10080G.DoneePAN,J24)+COUNTIF(Per5080G.DoneePAN,J24))",TO_IMPLEMENT,
80G,hidden,X24,,,TO_IMPLEMENT,
80G,hidden,Y24,,,TO_IMPLEMENT,
80G,hidden,Z24,,"IF(RIGHT(TRIM(J24)&""_""&TRIM(X24),7)=""_NoData"",0,
 IF(COUNTIF(comb_80G_B, TRIM(J24)&""_""&TRIM(X24))>1,1,0))",TO_IMPLEMENT,
80G,hidden,AA24,,"COUNTIF(Per10080G.DoneePAN,JK24)+COUNTIF(PerYES10080G.DoneePAN,JK24)+COUNTIF(Per5080G.DoneePAN,JK24)",TO_IMPLEMENT,
80G,hidden,D25,,D24+1,TO_IMPLEMENT,
80G,hidden,P25,,"SUM(L25,M25)",TO_IMPLEMENT,
80G,hidden,Q25,,"ROUND(MIN((SUM(IF(L25>2000,0,L25),M25))/2,TOTAL_INCOME),0)",TO_IMPLEMENT,
80G,hidden,U25,,"IF(J25="""","""",COUNTIF(Per10080G.DoneePAN,J25)+COUNTIF(PerYES10080G.DoneePAN,J25)+COUNTIF(Per5080G.DoneePAN,J25))",TO_IMPLEMENT,
80G,hidden,X25,,"IF(L25>0,""Data"",""NoData"")",TO_IMPLEMENT,
80G,hidden,Y25,,,TO_IMPLEMENT,
80G,hidden,Z25,,"IF(RIGHT(TRIM(J25)&""_""&TRIM(X25),7)=""_NoData"",0,
 IF(COUNTIF(comb_80G_B, TRIM(J25)&""_""&TRIM(X25))>1,1,0))",TO_IMPLEMENT,
80G,hidden,AA25,,"COUNTIF(Per10080G.DoneePAN,JK25)+COUNTIF(PerYES10080G.DoneePAN,JK25)+COUNTIF(Per5080G.DoneePAN,JK25)",TO_IMPLEMENT,
80G,hidden,L27,PerNO5080G.TotDon100Percent,SUM(PerNO5080G.DonationAmt),TO_IMPLEMENT,
80G,hidden,M27,PerNO5080G.TotDonOther100Percent,SUM(PerNO5080G.DonationAmtOther),TO_IMPLEMENT,
80G,hidden,P27,PerNO5080G.TotDon100PercentTotal,SUM(PerNO5080G.DonationAmtTotal),TO_IMPLEMENT,
80G,hidden,Q27,PerNO5080G.TotElig100Percent,"ROUND(MIN(SUM(PerNO5080G.EligibleAmt),TOTAL_INCOME),0)",TO_IMPLEMENT,
80G,hidden,P35,PerYES10080G.DonationAmtTotal,"SUM(L35,M35)",TO_IMPLEMENT,
80G,hidden,Q35,PerYES10080G.EligibleAmt,"ROUND(MIN(MIN(SUM(IF(L35>2000,0,L35),M35),TOTAL_INCOME),QualifyingAmount80G),0)",TO_IMPLEMENT,
80G,hidden,U35,,"IF(J35="""","""",COUNTIF(PerNO5080G.DoneePAN,J35)+COUNTIF(Per10080G.DoneePAN,J35)+COUNTIF(Per5080G.DoneePAN,J35))",TO_IMPLEMENT,
80G,hidden,X35,Data_80G_C,"IF(L35>0,""Data"",""NoData"")",TO_IMPLEMENT,
80G,hidden,Y35,comb_80G_C,"TRIM(J35)&""_""&TRIM(X35)",TO_IMPLEMENT,
80G,hidden,Z35,Comb_donation_80G_C,"IF(RIGHT(TRIM(J35)&""_""&TRIM(X35),7)=""_NoData"",0,
 IF(COUNTIF(comb_80G_C, TRIM(J35)&""_""&TRIM(X35))>1,1,0))",TO_IMPLEMENT,
80G,hidden,AA35,Comb_PAN_80G_C,"COUNTIF(PerNO5080G.DoneePAN,JK35)+COUNTIF(PerYES10080G.DoneePAN,JK35)+COUNTIF(Per5080G.DoneePAN,JK35)",TO_IMPLEMENT,
80G,hidden,D36,,D35+1,TO_IMPLEMENT,
80G,hidden,P36,,"SUM(L36,M36)",TO_IMPLEMENT,
80G,hidden,Q36,,"ROUND(MIN(MIN(SUM(IF(L36>2000,0,L36),M36),TOTAL_INCOME),QualifyingAmount80G),0)",TO_IMPLEMENT,
80G,hidden,U36,,"IF(J36="""","""",COUNTIF(PerNO5080G.DoneePAN,J36)+COUNTIF(Per10080G.DoneePAN,J36)+COUNTIF(Per5080G.DoneePAN,J36))",TO_IMPLEMENT,
80G,hidden,X36,,"IF(L36>0,""Data"",""NoData"")",TO_IMPLEMENT,
80G,hidden,Y36,,"TRIM(J36)&""_""&TRIM(X36)",TO_IMPLEMENT,
80G,hidden,Z36,,"IF(RIGHT(TRIM(J36)&""_""&TRIM(X36),7)=""_NoData"",0,
 IF(COUNTIF(comb_80G_C, TRIM(J36)&""_""&TRIM(X36))>1,1,0))",TO_IMPLEMENT,
80G,hidden,AA36,,"COUNTIF(PerNO5080G.DoneePAN,JK36)+COUNTIF(PerYES10080G.DoneePAN,JK36)+COUNTIF(Per5080G.DoneePAN,JK36)",TO_IMPLEMENT,
80G,hidden,D37,,D36+1,TO_IMPLEMENT,
80G,hidden,P37,,"SUM(L37,M37)",TO_IMPLEMENT,
80G,hidden,Q37,,"ROUND(MIN(MIN(SUM(IF(L37>2000,0,L37),M37),TOTAL_INCOME),QualifyingAmount80G),0)",TO_IMPLEMENT,
80G,hidden,U37,,"IF(J37="""","""",COUNTIF(PerNO5080G.DoneePAN,J37)+COUNTIF(Per10080G.DoneePAN,J37)+COUNTIF(Per5080G.DoneePAN,J37))",TO_IMPLEMENT,
80G,hidden,X37,,,TO_IMPLEMENT,
80G,hidden,Y37,,"TRIM(J37)&""_""&TRIM(X37)",TO_IMPLEMENT,
80G,hidden,Z37,,"IF(RIGHT(TRIM(J37)&""_""&TRIM(X37),7)=""_NoData"",0,
 IF(COUNTIF(comb_80G_C, TRIM(J37)&""_""&TRIM(X37))>1,1,0))",TO_IMPLEMENT,
80G,hidden,AA37,,"COUNTIF(PerNO5080G.DoneePAN,JK37)+COUNTIF(PerYES10080G.DoneePAN,JK37)+COUNTIF(Per5080G.DoneePAN,JK37)",TO_IMPLEMENT,
80G,hidden,D38,,D37+1,TO_IMPLEMENT,
80G,hidden,P38,,"SUM(L38,M38)",TO_IMPLEMENT,
80G,hidden,Q38,,"ROUND(MIN(MIN(SUM(IF(L38>2000,0,L38),M38),TOTAL_INCOME),QualifyingAmount80G),0)",TO_IMPLEMENT,
80G,hidden,U38,,"IF(J38="""","""",COUNTIF(PerNO5080G.DoneePAN,J38)+COUNTIF(Per10080G.DoneePAN,J38)+COUNTIF(Per5080G.DoneePAN,J38))",TO_IMPLEMENT,
80G,hidden,X38,,,TO_IMPLEMENT,
80G,hidden,Y38,,,TO_IMPLEMENT,
80G,hidden,Z38,,"IF(RIGHT(TRIM(J38)&""_""&TRIM(X38),7)=""_NoData"",0,
 IF(COUNTIF(comb_80G_C, TRIM(J38)&""_""&TRIM(X38))>1,1,0))",TO_IMPLEMENT,
80G,hidden,AA38,,"COUNTIF(PerNO5080G.DoneePAN,JK38)+COUNTIF(PerYES10080G.DoneePAN,JK38)+COUNTIF(Per5080G.DoneePAN,JK38)",TO_IMPLEMENT,
80G,hidden,L40,PerYES10080G.TotDon100Percent,SUM(PerYES10080G.DonationAmt),TO_IMPLEMENT,
80G,hidden,M40,PerYES10080G.TotDonOther100Percent,SUM(PerYES10080G.DonationAmtOther),TO_IMPLEMENT,
80G,hidden,P40,PerYES10080G.TotDon100PercentTotal,SUM(PerYES10080G.DonationAmtTotal),TO_IMPLEMENT,
80G,hidden,Q40,PerYES10080G.TotElig100Percent,"ROUND(MIN(C_Eligible,CD_EligibleAmount),0)",TO_IMPLEMENT,
80G,hidden,P48,Per5080G.DonationAmtTotal,"SUM(L48,M48)",TO_IMPLEMENT,
80G,hidden,Q48,Per5080G.EligibleAmt,"ROUND(MIN(TOTAL_INCOME,MIN(CDE_EligibleAmount,(SUM(IF(L48>2000,0,L48),M48))/2)),0)",TO_IMPLEMENT,
80G,hidden,U48,,"IF(J48="""","""",COUNTIF(PerNO5080G.DoneePAN,J48)+COUNTIF(PerYES10080G.DoneePAN,J48)+COUNTIF(Per10080G.DoneePAN,J48))",TO_IMPLEMENT,
80G,hidden,W48,Per5080G.DonationAmt_temp,"IF(L48>2000,0,L48)",TO_IMPLEMENT,
80G,hidden,X48,Data_80G_D,"IF(L48>0,""Data"",""NoData"")",TO_IMPLEMENT,
80G,hidden,Y48,comb_80G_D,"TRIM(J48)&""_""&TRIM(X48)",TO_IMPLEMENT,
80G,hidden,Z48,Comb_donation_80G_D,"IF(RIGHT(TRIM(J48)&""_""&TRIM(X48),7)=""_NoData"",0,
 IF(COUNTIF(comb_80G_D, TRIM(J48)&""_""&TRIM(X48))>1,1,0))",TO_IMPLEMENT,
80G,hidden,AA48,Comb_PAN_80G_D,"COUNTIF(PerNO5080G.DoneePAN,JK48)+COUNTIF(PerYES10080G.DoneePAN,JK48)+COUNTIF(Per5080G.DoneePAN,JK48)",TO_IMPLEMENT,
80G,hidden,AZ48,,"COUNTIF(PerNO5080G.DoneePAN,AI48)+COUNTIF(PerYES10080G.DoneePAN,AI48)+COUNTIF(Per5080G.DoneePAN,AI48)",TO_IMPLEMENT,
80G,hidden,D49,,D48+1,TO_IMPLEMENT,
80G,hidden,P49,,"SUM(L49,M49)",TO_IMPLEMENT,
80G,hidden,Q49,,"ROUND(MIN(TOTAL_INCOME,MIN(CDE_EligibleAmount,(SUM(IF(L49>2000,0,L49),M49))/2)),0)",TO_IMPLEMENT,
80G,hidden,U49,,"IF(J49="""","""",COUNTIF(PerNO5080G.DoneePAN,J49)+COUNTIF(PerYES10080G.DoneePAN,J49)+COUNTIF(Per10080G.DoneePAN,J49))",TO_IMPLEMENT,
80G,hidden,W49,,"IF(L49>2000,0,L49)",TO_IMPLEMENT,
80G,hidden,X49,,,TO_IMPLEMENT,
80G,hidden,Y49,,,TO_IMPLEMENT,
80G,hidden,Z49,,"IF(RIGHT(TRIM(J49)&""_""&TRIM(X49),7)=""_NoData"",0,
 IF(COUNTIF(comb_80G_D, TRIM(J49)&""_""&TRIM(X49))>1,1,0))",TO_IMPLEMENT,
80G,hidden,AA49,,"COUNTIF(PerNO5080G.DoneePAN,JK49)+COUNTIF(PerYES10080G.DoneePAN,JK49)+COUNTIF(Per5080G.DoneePAN,JK49)",TO_IMPLEMENT,
80G,hidden,AZ49,,"COUNTIF(PerNO5080G.DoneePAN,AI49)+COUNTIF(PerYES10080G.DoneePAN,AI49)+COUNTIF(Per5080G.DoneePAN,AI49)",TO_IMPLEMENT,
80G,hidden,D50,,D49+1,TO_IMPLEMENT,
80G,hidden,P50,,"SUM(L50,M50)",TO_IMPLEMENT,
80G,hidden,Q50,,"ROUND(MIN(TOTAL_INCOME,MIN(CDE_EligibleAmount,(SUM(IF(L50>2000,0,L50),M50))/2)),0)",TO_IMPLEMENT,
80G,hidden,U50,,"IF(J50="""","""",COUNTIF(PerNO5080G.DoneePAN,J50)+COUNTIF(PerYES10080G.DoneePAN,J50)+COUNTIF(Per10080G.DoneePAN,J50))",TO_IMPLEMENT,
80G,hidden,W50,,"IF(L50>2000,0,L50)",TO_IMPLEMENT,
80G,hidden,X50,,,TO_IMPLEMENT,
80G,hidden,Y50,,,TO_IMPLEMENT,
80G,hidden,Z50,,"IF(RIGHT(TRIM(J50)&""_""&TRIM(X50),7)=""_NoData"",0,
 IF(COUNTIF(comb_80G_D, TRIM(J50)&""_""&TRIM(X50))>1,1,0))",TO_IMPLEMENT,
80G,hidden,AA50,,"COUNTIF(PerNO5080G.DoneePAN,JK50)+COUNTIF(PerYES10080G.DoneePAN,JK50)+COUNTIF(Per5080G.DoneePAN,JK50)",TO_IMPLEMENT,
80G,hidden,AZ50,,"COUNTIF(PerNO5080G.DoneePAN,AI50)+COUNTIF(PerYES10080G.DoneePAN,AI50)+COUNTIF(Per5080G.DoneePAN,AI50)",TO_IMPLEMENT,
80G,hidden,D51,,D50+1,TO_IMPLEMENT,
80G,hidden,P51,,"SUM(L51,M51)",TO_IMPLEMENT,
80G,hidden,Q51,,"ROUND(MIN(TOTAL_INCOME,MIN(CDE_EligibleAmount,(SUM(IF(L51>2000,0,L51),M51))/2)),0)",TO_IMPLEMENT,
80G,hidden,U51,,"IF(J51="""","""",COUNTIF(PerNO5080G.DoneePAN,J51)+COUNTIF(PerYES10080G.DoneePAN,J51)+COUNTIF(Per10080G.DoneePAN,J51))",TO_IMPLEMENT,
80G,hidden,W51,,"IF(L51>2000,0,L51)",TO_IMPLEMENT,
80G,hidden,X51,,,TO_IMPLEMENT,
80G,hidden,Y51,,,TO_IMPLEMENT,
80G,hidden,Z51,,"IF(RIGHT(TRIM(J51)&""_""&TRIM(X51),7)=""_NoData"",0,
 IF(COUNTIF(comb_80G_D, TRIM(J51)&""_""&TRIM(X51))>1,1,0))",TO_IMPLEMENT,
80G,hidden,AA51,,"COUNTIF(PerNO5080G.DoneePAN,JK51)+COUNTIF(PerYES10080G.DoneePAN,JK51)+COUNTIF(Per5080G.DoneePAN,JK51)",TO_IMPLEMENT,
80G,hidden,AZ51,,"COUNTIF(PerNO5080G.DoneePAN,AI51)+COUNTIF(PerYES10080G.DoneePAN,AI51)+COUNTIF(Per5080G.DoneePAN,AI51)",TO_IMPLEMENT,
80G,hidden,L53,Per5080G.TotDon100Percent,SUM(Per5080G.DonationAmt),TO_IMPLEMENT,
80G,hidden,M53,Per5080G.TotDonother100Percent,SUM(Per5080G.DonationAmtOther),TO_IMPLEMENT,
80G,hidden,P53,Per5080G.TotDon100PercentTotal,SUM(Per5080G.DonationAmtTotal),TO_IMPLEMENT,
80G,hidden,Q53,Per5080G.TotElig100Percent;TOTAL_INCOME\,"ROUND(MIN(TOTAL_INCOME,MIN(CDE_EligibleAmount,VALUE((SUM(Per5080G.DonationAmt_temp)+Per5080G.TotDonother100Percent)/2))),0)",TO_IMPLEMENT,
80G,hidden,N57,Per5080G.TotalDonationsUs80G,"ROUND(Per5080G.TotDon100Percent+PerYES10080G.TotDon100Percent+PerNO5080G.TotDon100Percent+Per10080G.TotDon100Percent,0)",TO_IMPLEMENT,
80G,hidden,O57,Per5080G.TotalDonationsOtherUs80G,"ROUND(Per10080G.TotDonOther100Percent+PerNO5080G.TotDonOther100Percent+PerYES10080G.TotDonOther100Percent+Per5080G.TotDonother100Percent,0)",TO_IMPLEMENT,
80G,hidden,P57,Per5080G.TotalDonationsUs80GTotal,"SUM(Per10080G.TotDon100PercentTotal,PerNO5080G.TotDon100PercentTotal,PerYES10080G.TotDon100PercentTotal,Per5080G.TotDon100PercentTotal)",TO_IMPLEMENT,
80G,hidden,Q57,Per5080G.TotalEligibleDonationsUs80G,"IF(IncD.GrossTotIncome>0,MIN(ROUND(Per5080G.TotElig100Percent+PerYES10080G.TotElig100Percent+PerNO5080G.TotElig100Percent+Per10080G.TotElig100Percent,0),(IncD.GrossTotIncome)),0)",TO_IMPLEMENT,
80GGA,hidden,O8,Donation_total_80GGA,"MAX(SUM(M8,N8),0)",TO_IMPLEMENT,
80GGA,hidden,P8,Donation_Eligible_80GGA,"MIN(SUM(IF(M8>S8,0,M8),N8),TOTAL_INCOME)",TO_IMPLEMENT,
80GGA,hidden,S8,,"IF(M8=0,0,2000)",TO_IMPLEMENT,
80GGA,hidden,D9,,D8+1,TO_IMPLEMENT,
80GGA,hidden,O9,,"MAX(SUM(M9,N9),0)",TO_IMPLEMENT,
80GGA,hidden,P9,,"MIN(SUM(IF(M9>S9,0,M9),N9),TOTAL_INCOME)",TO_IMPLEMENT,
80GGA,hidden,S9,,"IF(M9=0,0,2000)",TO_IMPLEMENT,
80GGA,hidden,D10,,D9+1,TO_IMPLEMENT,
80GGA,hidden,O10,,"MAX(SUM(M10,N10),0)",TO_IMPLEMENT,
80GGA,hidden,P10,,"MIN(SUM(IF(M10>S10,0,M10),N10),TOTAL_INCOME)",TO_IMPLEMENT,
80GGA,hidden,S10,,,TO_IMPLEMENT,
80GGA,hidden,D11,,D10+1,TO_IMPLEMENT,
80GGA,hidden,O11,,"MAX(SUM(M11,N11),0)",TO_IMPLEMENT,
80GGA,hidden,P11,,"MIN(SUM(IF(M11>S11,0,M11),N11),TOTAL_INCOME)",TO_IMPLEMENT,
80GGA,hidden,S11,,,TO_IMPLEMENT,
80GGA,hidden,M13,Total_DonationInCash_80GGA,SUM(Donation_cash_80GGA),TO_IMPLEMENT,
80GGA,hidden,N13,Total_DonationInOtherMode_80GGA,SUM(Donation_other_80GGA),TO_IMPLEMENT,
80GGA,hidden,O13,Total_Donation_80GGA,"IF(BacValue=1,0,SUM(Donation_total_80GGA))",TO_IMPLEMENT,
80GGA,hidden,P13,Total_Donation_Eligible_80GGA,"IF(BacValue=1,0,SUM(Donation_Eligible_80GGA))",TO_IMPLEMENT,
80GGC,hidden,H8,TotalDonation_80GGC,"MAX(SUM(F8,G8),0)",TO_IMPLEMENT,
80GGC,hidden,I8,EligibleAmountofDonation_80GGC,"MIN(SUM(IF(F8>0,0,F8),G8),TOTAL_INCOME)",TO_IMPLEMENT,
80GGC,hidden,S8,,"IF(M8<>"""",VLOOKUP(MID(M8,1,4),IFSCBank,2,FALSE))",TO_IMPLEMENT,
80GGC,hidden,U8,,"IF(F8>0,1,0)",TO_IMPLEMENT,
80GGC,hidden,D9,,D8+1,TO_IMPLEMENT,
80GGC,hidden,H9,,"MAX(SUM(F9,G9),0)",TO_IMPLEMENT,
80GGC,hidden,I9,,,TO_IMPLEMENT,
80GGC,hidden,S9,,,TO_IMPLEMENT,
80GGC,hidden,U9,,"IF(F9>0,0,0)",TO_IMPLEMENT,
80GGC,hidden,D10,,D9+1,TO_IMPLEMENT,
80GGC,hidden,H10,,,TO_IMPLEMENT,
80GGC,hidden,I10,,,TO_IMPLEMENT,
80GGC,hidden,S10,,,TO_IMPLEMENT,
80GGC,hidden,U10,,,TO_IMPLEMENT,
80GGC,hidden,D11,,,TO_IMPLEMENT,
80GGC,hidden,H11,,"MAX(SUM(F11,G11),0)",TO_IMPLEMENT,
80GGC,hidden,I11,,"MIN(SUM(IF(F11>0,0,F11),G11),TOTAL_INCOME)",TO_IMPLEMENT,
80GGC,hidden,S11,,"IF(M11<>"""",VLOOKUP(MID(M11,1,4),IFSCBank,2,FALSE))",TO_IMPLEMENT,
80GGC,hidden,U11,,"IF(F11>0,0,0)",TO_IMPLEMENT,
80GGC,hidden,D12,,,TO_IMPLEMENT,
80GGC,hidden,H12,,"MAX(SUM(F12,G12),0)",TO_IMPLEMENT,
80GGC,hidden,I12,,"MIN(SUM(IF(F12>0,0,F12),G12),TOTAL_INCOME)",TO_IMPLEMENT,
80GGC,hidden,S12,,"IF(M12<>"""",VLOOKUP(MID(M12,1,4),IFSCBank,2,FALSE))",TO_IMPLEMENT,
80GGC,hidden,U12,,"IF(F12>0,0,0)",TO_IMPLEMENT,
80GGC,hidden,D13,,,TO_IMPLEMENT,
80GGC,hidden,H13,,"MAX(SUM(F13,G13),0)",TO_IMPLEMENT,
80GGC,hidden,I13,,"MIN(SUM(IF(F13>0,0,F13),G13),TOTAL_INCOME)",TO_IMPLEMENT,
80GGC,hidden,S13,,"IF(M13<>"""",VLOOKUP(MID(M13,1,4),IFSCBank,2,FALSE))",TO_IMPLEMENT,
80GGC,hidden,U13,,"IF(F13>0,0,0)",TO_IMPLEMENT,
80GGC,hidden,D14,,,TO_IMPLEMENT,
80GGC,hidden,H14,,"MAX(SUM(F14,G14),0)",TO_IMPLEMENT,
80GGC,hidden,I14,,"MIN(SUM(IF(F14>0,0,F14),G14),TOTAL_INCOME)",TO_IMPLEMENT,
80GGC,hidden,S14,,"IF(M14<>"""",VLOOKUP(MID(M14,1,4),IFSCBank,2,FALSE))",TO_IMPLEMENT,
80GGC,hidden,U14,,"IF(F14>0,0,0)",TO_IMPLEMENT,
80GGC,hidden,D15,,,TO_IMPLEMENT,
80GGC,hidden,H15,,"MAX(SUM(F15,G15),0)",TO_IMPLEMENT,
80GGC,hidden,I15,,"MIN(SUM(IF(F15>0,0,F15),G15),TOTAL_INCOME)",TO_IMPLEMENT,
80GGC,hidden,S15,,"IF(M15<>"""",VLOOKUP(MID(M15,1,4),IFSCBank,2,FALSE))",TO_IMPLEMENT,
80GGC,hidden,U15,,"IF(F15>0,0,0)",TO_IMPLEMENT,
80GGC,hidden,D16,,,TO_IMPLEMENT,
80GGC,hidden,H16,,"MAX(SUM(F16,G16),0)",TO_IMPLEMENT,
80GGC,hidden,I16,,"MIN(SUM(IF(F16>0,0,F16),G16),TOTAL_INCOME)",TO_IMPLEMENT,
80GGC,hidden,S16,,"IF(M16<>"""",VLOOKUP(MID(M16,1,4),IFSCBank,2,FALSE))",TO_IMPLEMENT,
80GGC,hidden,U16,,"IF(F16>0,0,0)",TO_IMPLEMENT,
80GGC,hidden,F18,Total_DonationInCash_80GGC,SUM(Donationincash_80GGC),TO_IMPLEMENT,
80GGC,hidden,G18,Total_DonationInOtherMode_80GGC,SUM(Donationinothermode_80GGC),TO_IMPLEMENT,
80GGC,hidden,H18,Total_Donation_80GGC,SUM(TotalDonation_80GGC),TO_IMPLEMENT,
80GGC,hidden,I18,Total_Donation_Eligible_80GGC,"IF(TOTAL_INCOME<0,0,SUM(EligibleAmountofDonation_80GGC))",TO_IMPLEMENT,
80U-80DD,hidden,E6,Amtdeduction_80U,Naturedisability_80U_v,TO_IMPLEMENT,
80U-80DD,hidden,S7,Naturedisability_80U_v,"MIN(IF(MID(Naturedisability_80U,1,1)=""1"",75000,IF(MID(Naturedisability_80U,1,1)=""2"",125000)),T7)",TO_IMPLEMENT,
80U-80DD,hidden,T7,TOTAL_INCOME_80U,"MAX(IncD.GrossTotIncome,0)",TO_IMPLEMENT,
80U-80DD,hidden,N9,,"IF(MID(Naturedisability_80U,1,1)=""1"",75000)",TO_IMPLEMENT,
80U-80DD,hidden,R18,Naturedisability_80DD_v,"MIN(IF(MID(Naturedisability_80DD,1,1)=""1"",75000,IF(MID(Naturedisability_80DD,1,1)=""2"",125000)),TOTAL_INCOME_80DD)",TO_IMPLEMENT,
80U-80DD,hidden,S18,TOTAL_INCOME_80DD,"MAX(IncD.GrossTotIncome,0)",TO_IMPLEMENT,
80U-80DD,hidden,E20,Amtdeduction_80DD,Naturedisability_80DD_v,TO_IMPLEMENT,
80C,hidden,C6,,C5+1,TO_IMPLEMENT,
80C,hidden,C7,,C6+1,TO_IMPLEMENT,
80C,hidden,C8,,,TO_IMPLEMENT,
80C,hidden,F10,TotAmount.80C,SUM(Amount.80C),TO_IMPLEMENT,
80C,hidden,C20,,C19+1,TO_IMPLEMENT,
80C,hidden,C21,,C20+1,TO_IMPLEMENT,
80C,hidden,C22,,,TO_IMPLEMENT,
80C,hidden,F24,TotAmount.80CC,SUM(Amount.80CCC),TO_IMPLEMENT,
80E_80EE_80EEA_80EEB,hidden,C6,,C5+1,TO_IMPLEMENT,
80E_80EE_80EEA_80EEB,hidden,L8,TotAmt.80E,SUM(Intrst.80E),TO_IMPLEMENT,
80E_80EE_80EEA_80EEB,hidden,W17,MaxLoan_80EE,SUM(loanAmt.80EE),TO_IMPLEMENT,
80E_80EE_80EEA_80EEB,hidden,X17,Combination_80EE,"TRIM(G17)&""_""&TRIM(H17)&""_""&TRIM(I17)&""_""&TRIM(J17)",TO_IMPLEMENT,
80E_80EE_80EEA_80EEB,hidden,C18,,C17+1,TO_IMPLEMENT,
80E_80EE_80EEA_80EEB,hidden,X18,,"TRIM(G18)&""_""&TRIM(H18)&""_""&TRIM(I18)&""_""&TRIM(J18)",TO_IMPLEMENT,
80E_80EE_80EEA_80EEB,hidden,L20,TotAmt.80EE,SUM(Intrst.80EE),TO_IMPLEMENT,
80E_80EE_80EEA_80EEB,hidden,W29,Combination_80EEA,"TRIM(G29)&""_""&TRIM(H29)&""_""&TRIM(I29)&""_""&TRIM(J29)",TO_IMPLEMENT,
80E_80EE_80EEA_80EEB,hidden,C30,,C29+1,TO_IMPLEMENT,
80E_80EE_80EEA_80EEB,hidden,W30,,"TRIM(G30)&""_""&TRIM(H30)&""_""&TRIM(I30)&""_""&TRIM(J30)",TO_IMPLEMENT,
80E_80EE_80EEA_80EEB,hidden,L32,TotAmt.80EEA,SUM(Intrst.80EEA),TO_IMPLEMENT,
80E_80EE_80EEA_80EEB,hidden,C41,,C40+1,TO_IMPLEMENT,
80E_80EE_80EEA_80EEB,hidden,M43,TotAmt.80EEB,SUM(Intrst.80EEB),TO_IMPLEMENT,
DataBase,hidden,B1,DateOfProcessing,"CONCATENATE(YEAR(TODAY()),""-"",IF(MONTH(TODAY())<10,""0"",""""),MONTH(TODAY()),""-"",IF(DAY(TODAY())<10,""0"",""""),DAY(TODAY()))",TO_IMPLEMENT,
DataBase,hidden,GE2,,IncD.IntrstPayUs234C,TO_IMPLEMENT,
DataBase,hidden,D3,TodayDate,"CONCATENATE(IF(DAY(TODAY())<10,""0"",""""),DAY(TODAY()),""-"",IF(MONTH(TODAY())<10,""0"",""""),MONTH(TODAY()),""-"",YEAR(TODAY()))",TO_IMPLEMENT,
DataBase,hidden,GB5,,"IF(GC5="""","""",MAX(IncD.NetTaxLiability-IncD.AdvanceTax-IncD.TDS-IncD.TCS,0))",TO_IMPLEMENT,
DataBase,hidden,GD5,,"IF(GC5="""","""",MAX(0,GB5+MIN(0,GE5-GF5)))",TO_IMPLEMENT,
DataBase,hidden,GE5,,"MAX(0,GE2)",TO_IMPLEMENT,
DataBase,hidden,GB6,,"IF(GC5="""","""",GD5)",TO_IMPLEMENT,
DataBase,hidden,GD6,,"IF(GC6="""","""",MAX(0,GB6+MIN(0,GE6-GF6)))",TO_IMPLEMENT,
DataBase,hidden,GB7,,"IF(GC6="""","""",GD6)",TO_IMPLEMENT,
DataBase,hidden,GD7,,,TO_IMPLEMENT,
DataBase,hidden,GB8,,,TO_IMPLEMENT,
DataBase,hidden,GD8,,,TO_IMPLEMENT,
DataBase,hidden,GB9,,,TO_IMPLEMENT,
DataBase,hidden,GD9,,,TO_IMPLEMENT,
DataBase,hidden,GH9,DueDate_1,"IF(GC9="""","""",FLOOR(GD9*0.01,1))",TO_IMPLEMENT,
DataBase,hidden,GB10,,,TO_IMPLEMENT,
DataBase,hidden,GD10,,,TO_IMPLEMENT,
DataBase,hidden,GH10,,"IF(GC10="""","""",IF(GG10>0,FLOOR(GI10*0.01,1),FLOOR(GD10*0.01,1)))",TO_IMPLEMENT,
DataBase,hidden,GI10,,"IFERROR(MAX(0,GB10-IF((GG10+GF10)=0,0,IF(((GG10+GF10)-(GE10+GC10))<0,ABS(((GG10+GF10)-(GE10+GC10))),IF(GC10>GG10,ABS(GE10-GF10),((GG10+GF10)-(GE10+GC10)))))),0)",TO_IMPLEMENT,
DataBase,hidden,GB11,,,TO_IMPLEMENT,
DataBase,hidden,GD11,,,TO_IMPLEMENT,
DataBase,hidden,GH11,,"IF(GC11="""","""",FLOOR(GD11*0.01,1))",TO_IMPLEMENT,
DataBase,hidden,GB12,,,TO_IMPLEMENT,
DataBase,hidden,GD12,,,TO_IMPLEMENT,
DataBase,hidden,GH12,,"IF(GC12="""","""",FLOOR(GD12*0.01,1))",TO_IMPLEMENT,
DataBase,hidden,GB13,,,TO_IMPLEMENT,
DataBase,hidden,GD13,,,TO_IMPLEMENT,
DataBase,hidden,GH13,,,TO_IMPLEMENT,
DataBase,hidden,GB14,,,TO_IMPLEMENT,
DataBase,hidden,GD14,,,TO_IMPLEMENT,
DataBase,hidden,GH14,,,TO_IMPLEMENT,
DataBase,hidden,GB15,,,TO_IMPLEMENT,
DataBase,hidden,GD15,,,TO_IMPLEMENT,
DataBase,hidden,GH15,,,TO_IMPLEMENT,
DataBase,hidden,GB16,,,TO_IMPLEMENT,
DataBase,hidden,GD16,,,TO_IMPLEMENT,
DataBase,hidden,GH16,,,TO_IMPLEMENT,
DataBase,hidden,GB17,,,TO_IMPLEMENT,
DataBase,hidden,GD17,,,TO_IMPLEMENT,
DataBase,hidden,GH17,,,TO_IMPLEMENT,
DataBase,hidden,GB18,,,TO_IMPLEMENT,
DataBase,hidden,GD18,,,TO_IMPLEMENT,
DataBase,hidden,GH18,,,TO_IMPLEMENT,
DataBase,hidden,GB19,,,TO_IMPLEMENT,
DataBase,hidden,GD19,,,TO_IMPLEMENT,
DataBase,hidden,GH19,,,TO_IMPLEMENT,
DataBase,hidden,GB20,,,TO_IMPLEMENT,
DataBase,hidden,GD20,,,TO_IMPLEMENT,
DataBase,hidden,GH20,,,TO_IMPLEMENT,
DataBase,hidden,GB21,,,TO_IMPLEMENT,
DataBase,hidden,GD21,,,TO_IMPLEMENT,
DataBase,hidden,GH21,,,TO_IMPLEMENT,
DataBase,hidden,GB22,,,TO_IMPLEMENT,
DataBase,hidden,GD22,,,TO_IMPLEMENT,
DataBase,hidden,GH22,,,TO_IMPLEMENT,
DataBase,hidden,GB23,,,TO_IMPLEMENT,
DataBase,hidden,GD23,,,TO_IMPLEMENT,
DataBase,hidden,GH23,,,TO_IMPLEMENT,
DataBase,hidden,GB24,,,TO_IMPLEMENT,
DataBase,hidden,GD24,,,TO_IMPLEMENT,
DataBase,hidden,GH24,,,TO_IMPLEMENT,
DataBase,hidden,GB25,,,TO_IMPLEMENT,
DataBase,hidden,GD25,,,TO_IMPLEMENT,
DataBase,hidden,GH25,,,TO_IMPLEMENT,
DataBase,hidden,GB26,,,TO_IMPLEMENT,
DataBase,hidden,GD26,,,TO_IMPLEMENT,
DataBase,hidden,GH26,,,TO_IMPLEMENT,
DataBase,hidden,GB27,,,TO_IMPLEMENT,
DataBase,hidden,GD27,,,TO_IMPLEMENT,
DataBase,hidden,GH27,,,TO_IMPLEMENT,
DataBase,hidden,GB28,,,TO_IMPLEMENT,
DataBase,hidden,GD28,,,TO_IMPLEMENT,
DataBase,hidden,GH28,,,TO_IMPLEMENT,
DataBase,hidden,GB29,,,TO_IMPLEMENT,
DataBase,hidden,GD29,,,TO_IMPLEMENT,
DataBase,hidden,GH29,,,TO_IMPLEMENT,
DataBase,hidden,GB30,,,TO_IMPLEMENT,
DataBase,hidden,GD30,,,TO_IMPLEMENT,
DataBase,hidden,GH30,,,TO_IMPLEMENT,
DataBase,hidden,GB31,,,TO_IMPLEMENT,
DataBase,hidden,GD31,,,TO_IMPLEMENT,
DataBase,hidden,GH31,,,TO_IMPLEMENT,
DataBase,hidden,GB32,,,TO_IMPLEMENT,
DataBase,hidden,GD32,,,TO_IMPLEMENT,
DataBase,hidden,GH32,,,TO_IMPLEMENT,
DataBase,hidden,GB33,,,TO_IMPLEMENT,
DataBase,hidden,GD33,,,TO_IMPLEMENT,
DataBase,hidden,GH33,,,TO_IMPLEMENT,
DataBase,hidden,GB34,,,TO_IMPLEMENT,
DataBase,hidden,GD34,,,TO_IMPLEMENT,
DataBase,hidden,GH34,,,TO_IMPLEMENT,
DataBase,hidden,GB35,,,TO_IMPLEMENT,
DataBase,hidden,GD35,,,TO_IMPLEMENT,
DataBase,hidden,GH35,,,TO_IMPLEMENT,
DataBase,hidden,GB36,,,TO_IMPLEMENT,
DataBase,hidden,GD36,,,TO_IMPLEMENT,
DataBase,hidden,GH36,,,TO_IMPLEMENT,
DataBase,hidden,GB37,,,TO_IMPLEMENT,
DataBase,hidden,GD37,,,TO_IMPLEMENT,
DataBase,hidden,GH37,,,TO_IMPLEMENT,
DataBase,hidden,GB38,,,TO_IMPLEMENT,
DataBase,hidden,GD38,,,TO_IMPLEMENT,
DataBase,hidden,GH38,,,TO_IMPLEMENT,
DataBase,hidden,GB39,,,TO_IMPLEMENT,
DataBase,hidden,GD39,,,TO_IMPLEMENT,
DataBase,hidden,GH39,,,TO_IMPLEMENT,
DataBase,hidden,GB40,,,TO_IMPLEMENT,
DataBase,hidden,GD40,,,TO_IMPLEMENT,
DataBase,hidden,GH40,,,TO_IMPLEMENT,
DataBase,hidden,GB41,,,TO_IMPLEMENT,
DataBase,hidden,GD41,,,TO_IMPLEMENT,
DataBase,hidden,GH41,,,TO_IMPLEMENT,
DataBase,hidden,GB42,,,TO_IMPLEMENT,
DataBase,hidden,GD42,,,TO_IMPLEMENT,
DataBase,hidden,GH42,,,TO_IMPLEMENT,
DataBase,hidden,GB43,,,TO_IMPLEMENT,
DataBase,hidden,GD43,,,TO_IMPLEMENT,
DataBase,hidden,GH43,,,TO_IMPLEMENT,
DataBase,hidden,GB44,,,TO_IMPLEMENT,
DataBase,hidden,GD44,,,TO_IMPLEMENT,
DataBase,hidden,GH44,,,TO_IMPLEMENT,
DataBase,hidden,GB45,,,TO_IMPLEMENT,
DataBase,hidden,GD45,,,TO_IMPLEMENT,
DataBase,hidden,GH45,,,TO_IMPLEMENT,
DataBase,hidden,GB46,,,TO_IMPLEMENT,
DataBase,hidden,GD46,,,TO_IMPLEMENT,
DataBase,hidden,GH46,,,TO_IMPLEMENT,
DataBase,hidden,GB47,,,TO_IMPLEMENT,
DataBase,hidden,GD47,,,TO_IMPLEMENT,
DataBase,hidden,GH47,,,TO_IMPLEMENT,
DataBase,hidden,GB48,,,TO_IMPLEMENT,
DataBase,hidden,GD48,,,TO_IMPLEMENT,
DataBase,hidden,GH48,,,TO_IMPLEMENT,
DataBase,hidden,GB49,,,TO_IMPLEMENT,
DataBase,hidden,GD49,,,TO_IMPLEMENT,
DataBase,hidden,GH49,,,TO_IMPLEMENT,
DataBase,hidden,GB50,,,TO_IMPLEMENT,
DataBase,hidden,GD50,,,TO_IMPLEMENT,
DataBase,hidden,GH50,,,TO_IMPLEMENT,
DataBase,hidden,GB51,,,TO_IMPLEMENT,
DataBase,hidden,GD51,,,TO_IMPLEMENT,
DataBase,hidden,GH51,,,TO_IMPLEMENT,
DataBase,hidden,GB52,,,TO_IMPLEMENT,
DataBase,hidden,GD52,,,TO_IMPLEMENT,
DataBase,hidden,GH52,,,TO_IMPLEMENT,
DataBase,hidden,GB53,,,TO_IMPLEMENT,
DataBase,hidden,GD53,,,TO_IMPLEMENT,
DataBase,hidden,GH53,,,TO_IMPLEMENT,
DataBase,hidden,GB54,,,TO_IMPLEMENT,
DataBase,hidden,GD54,,,TO_IMPLEMENT,
DataBase,hidden,GH54,,,TO_IMPLEMENT,
DataBase,hidden,GB55,,,TO_IMPLEMENT,
DataBase,hidden,GD55,,,TO_IMPLEMENT,
DataBase,hidden,GH55,,,TO_IMPLEMENT,
DataBase,hidden,GB56,,,TO_IMPLEMENT,
DataBase,hidden,GD56,,,TO_IMPLEMENT,
DataBase,hidden,GH56,,,TO_IMPLEMENT,
DataBase,hidden,GB57,,,TO_IMPLEMENT,
DataBase,hidden,GD57,,,TO_IMPLEMENT,
DataBase,hidden,GH57,,,TO_IMPLEMENT,
DataBase,hidden,GB58,,,TO_IMPLEMENT,
DataBase,hidden,GD58,,,TO_IMPLEMENT,
DataBase,hidden,GH58,,,TO_IMPLEMENT,
DataBase,hidden,GB59,,,TO_IMPLEMENT,
DataBase,hidden,GD59,,,TO_IMPLEMENT,
DataBase,hidden,GH59,,,TO_IMPLEMENT,
DataBase,hidden,GB60,,,TO_IMPLEMENT,
DataBase,hidden,GD60,,,TO_IMPLEMENT,
DataBase,hidden,GH60,,,TO_IMPLEMENT,
DataBase,hidden,GB61,,,TO_IMPLEMENT,
DataBase,hidden,GD61,,,TO_IMPLEMENT,
DataBase,hidden,GH61,,,TO_IMPLEMENT,
DataBase,hidden,GB62,,,TO_IMPLEMENT,
DataBase,hidden,GD62,,,TO_IMPLEMENT,
DataBase,hidden,GH62,,,TO_IMPLEMENT,
DataBase,hidden,GB63,,,TO_IMPLEMENT,
DataBase,hidden,GD63,,,TO_IMPLEMENT,
DataBase,hidden,GH63,,,TO_IMPLEMENT,
DataBase,hidden,GB64,,,TO_IMPLEMENT,
DataBase,hidden,GD64,,,TO_IMPLEMENT,
DataBase,hidden,GH64,,,TO_IMPLEMENT,
DataBase,hidden,GB65,,,TO_IMPLEMENT,
DataBase,hidden,GD65,,,TO_IMPLEMENT,
DataBase,hidden,GH65,,,TO_IMPLEMENT,
DataBase,hidden,GB66,,,TO_IMPLEMENT,
DataBase,hidden,GD66,,,TO_IMPLEMENT,
DataBase,hidden,GH66,,,TO_IMPLEMENT,
DataBase,hidden,GB67,,,TO_IMPLEMENT,
DataBase,hidden,GD67,,,TO_IMPLEMENT,
DataBase,hidden,GH67,,,TO_IMPLEMENT,
DataBase,hidden,GB68,,,TO_IMPLEMENT,
DataBase,hidden,GD68,,,TO_IMPLEMENT,
DataBase,hidden,GH68,,,TO_IMPLEMENT,
DataBase,hidden,GB69,,,TO_IMPLEMENT,
DataBase,hidden,GD69,,,TO_IMPLEMENT,
DataBase,hidden,GH69,,,TO_IMPLEMENT,
DataBase,hidden,GB70,,,TO_IMPLEMENT,
DataBase,hidden,GD70,,"IF(GC70="""","""",MAX(0,GB70+MIN(0,GE70-GF70)))",TO_IMPLEMENT,
DataBase,hidden,GH70,,,TO_IMPLEMENT,
DataBase,hidden,GB71,,"IF(GC70="""","""",GD70)",TO_IMPLEMENT,
DataBase,hidden,GD71,,,TO_IMPLEMENT,
DataBase,hidden,GH71,,,TO_IMPLEMENT,
DataBase,hidden,GB72,,,TO_IMPLEMENT,
DataBase,hidden,GD72,,,TO_IMPLEMENT,
DataBase,hidden,GH72,,,TO_IMPLEMENT,
DataBase,hidden,GB73,,,TO_IMPLEMENT,
DataBase,hidden,GD73,,,TO_IMPLEMENT,
DataBase,hidden,GH73,,,TO_IMPLEMENT,
DataBase,hidden,GB74,,,TO_IMPLEMENT,
DataBase,hidden,GD74,,,TO_IMPLEMENT,
DataBase,hidden,GH74,,,TO_IMPLEMENT,
DataBase,hidden,GB75,,,TO_IMPLEMENT,
DataBase,hidden,GD75,,,TO_IMPLEMENT,
DataBase,hidden,GH75,,,TO_IMPLEMENT,
DataBase,hidden,GB76,,,TO_IMPLEMENT,
DataBase,hidden,GD76,,,TO_IMPLEMENT,
DataBase,hidden,GH76,,"IF(GC76="""","""",FLOOR(GD76*0.01,1))",TO_IMPLEMENT,
DataBase,hidden,GB77,,,TO_IMPLEMENT,
DataBase,hidden,GD77,,,TO_IMPLEMENT,
DataBase,hidden,GH77,,,TO_IMPLEMENT,
DataBase,hidden,GB78,,,TO_IMPLEMENT,
DataBase,hidden,GD78,,,TO_IMPLEMENT,
DataBase,hidden,GH78,,,TO_IMPLEMENT,
DataBase,hidden,GB79,,,TO_IMPLEMENT,
DataBase,hidden,GD79,,,TO_IMPLEMENT,
DataBase,hidden,GH79,,,TO_IMPLEMENT,
DataBase,hidden,GB80,,,TO_IMPLEMENT,
DataBase,hidden,GD80,,,TO_IMPLEMENT,
DataBase,hidden,GH80,,,TO_IMPLEMENT,
DataBase,hidden,GB81,,,TO_IMPLEMENT,
DataBase,hidden,GD81,,,TO_IMPLEMENT,
DataBase,hidden,GH81,,,TO_IMPLEMENT,
DataBase,hidden,GB82,,,TO_IMPLEMENT,
DataBase,hidden,GD82,,,TO_IMPLEMENT,
DataBase,hidden,GH82,,,TO_IMPLEMENT,
DataBase,hidden,GB83,,,TO_IMPLEMENT,
DataBase,hidden,GD83,,,TO_IMPLEMENT,
DataBase,hidden,GH83,,,TO_IMPLEMENT,
DataBase,hidden,GB84,,,TO_IMPLEMENT,
DataBase,hidden,GD84,,,TO_IMPLEMENT,
DataBase,hidden,GH84,,,TO_IMPLEMENT,
DataBase,hidden,GB85,,,TO_IMPLEMENT,
DataBase,hidden,GD85,,,TO_IMPLEMENT,
DataBase,hidden,GH85,,,TO_IMPLEMENT,
DataBase,hidden,GB86,,,TO_IMPLEMENT,
DataBase,hidden,GD86,,,TO_IMPLEMENT,
DataBase,hidden,GH86,,,TO_IMPLEMENT,
DataBase,hidden,GB87,,,TO_IMPLEMENT,
DataBase,hidden,GD87,,,TO_IMPLEMENT,
DataBase,hidden,GH87,,,TO_IMPLEMENT,
DataBase,hidden,GB88,,,TO_IMPLEMENT,
DataBase,hidden,GD88,,,TO_IMPLEMENT,
DataBase,hidden,GH88,,,TO_IMPLEMENT,
DataBase,hidden,GB89,,,TO_IMPLEMENT,
DataBase,hidden,GD89,,,TO_IMPLEMENT,
DataBase,hidden,GH89,,,TO_IMPLEMENT,
DataBase,hidden,GB90,,,TO_IMPLEMENT,
DataBase,hidden,GD90,,,TO_IMPLEMENT,
DataBase,hidden,GH90,,,TO_IMPLEMENT,
DataBase,hidden,GB91,,,TO_IMPLEMENT,
DataBase,hidden,GD91,,,TO_IMPLEMENT,
DataBase,hidden,GH91,,,TO_IMPLEMENT,
DataBase,hidden,GB92,,,TO_IMPLEMENT,
DataBase,hidden,GD92,,,TO_IMPLEMENT,
DataBase,hidden,GH92,,,TO_IMPLEMENT,
DataBase,hidden,GB93,,,TO_IMPLEMENT,
DataBase,hidden,GD93,,,TO_IMPLEMENT,
DataBase,hidden,GH93,,,TO_IMPLEMENT,
DataBase,hidden,GB94,,,TO_IMPLEMENT,
DataBase,hidden,GD94,,,TO_IMPLEMENT,
DataBase,hidden,GH94,,,TO_IMPLEMENT,
DataBase,hidden,GB95,,,TO_IMPLEMENT,
DataBase,hidden,GD95,,,TO_IMPLEMENT,
DataBase,hidden,GH95,,,TO_IMPLEMENT,
DataBase,hidden,GB96,,,TO_IMPLEMENT,
DataBase,hidden,GD96,,,TO_IMPLEMENT,
DataBase,hidden,GH96,,,TO_IMPLEMENT,
DataBase,hidden,GB97,,,TO_IMPLEMENT,
DataBase,hidden,GD97,,,TO_IMPLEMENT,
DataBase,hidden,GH97,,,TO_IMPLEMENT,
DataBase,hidden,GB98,,,TO_IMPLEMENT,
DataBase,hidden,GD98,,,TO_IMPLEMENT,
DataBase,hidden,GH98,,,TO_IMPLEMENT,
DataBase,hidden,GB99,,,TO_IMPLEMENT,
DataBase,hidden,GD99,,,TO_IMPLEMENT,
DataBase,hidden,GH99,,,TO_IMPLEMENT,
DataBase,hidden,GB100,,,TO_IMPLEMENT,
DataBase,hidden,GD100,,,TO_IMPLEMENT,
DataBase,hidden,GH100,,,TO_IMPLEMENT,
DataBase,hidden,GB101,,,TO_IMPLEMENT,
DataBase,hidden,GD101,,,TO_IMPLEMENT,
DataBase,hidden,GH101,,,TO_IMPLEMENT,
DataBase,hidden,GB102,,,TO_IMPLEMENT,
DataBase,hidden,GD102,,,TO_IMPLEMENT,
DataBase,hidden,GH102,,,TO_IMPLEMENT,
DataBase,hidden,GB103,,,TO_IMPLEMENT,
DataBase,hidden,GD103,,,TO_IMPLEMENT,
DataBase,hidden,GH103,,,TO_IMPLEMENT,
DataBase,hidden,GB104,,,TO_IMPLEMENT,
DataBase,hidden,GD104,,,TO_IMPLEMENT,
DataBase,hidden,GH104,,,TO_IMPLEMENT,
DataBase,hidden,GB105,,,TO_IMPLEMENT,
DataBase,hidden,GD105,,,TO_IMPLEMENT,
DataBase,hidden,GH105,,,TO_IMPLEMENT,
DataBase,hidden,GB106,,,TO_IMPLEMENT,
DataBase,hidden,GD106,,,TO_IMPLEMENT,
DataBase,hidden,GH106,,,TO_IMPLEMENT,
DataBase,hidden,GB107,,,TO_IMPLEMENT,
DataBase,hidden,GD107,,,TO_IMPLEMENT,
DataBase,hidden,GH107,,,TO_IMPLEMENT,
DataBase,hidden,GB108,,,TO_IMPLEMENT,
DataBase,hidden,GD108,,,TO_IMPLEMENT,
DataBase,hidden,GH108,,,TO_IMPLEMENT,
DataBase,hidden,GB109,,,TO_IMPLEMENT,
DataBase,hidden,GD109,,,TO_IMPLEMENT,
DataBase,hidden,GH109,,,TO_IMPLEMENT,
DataBase,hidden,GB110,,,TO_IMPLEMENT,
DataBase,hidden,GD110,,,TO_IMPLEMENT,
DataBase,hidden,GH110,,,TO_IMPLEMENT,
DataBase,hidden,GB111,,,TO_IMPLEMENT,
DataBase,hidden,GD111,,,TO_IMPLEMENT,
DataBase,hidden,GH111,,,TO_IMPLEMENT,
DataBase,hidden,GB112,,,TO_IMPLEMENT,
DataBase,hidden,GD112,,,TO_IMPLEMENT,
DataBase,hidden,GH112,,,TO_IMPLEMENT,
DataBase,hidden,GB113,,,TO_IMPLEMENT,
DataBase,hidden,GD113,,,TO_IMPLEMENT,
DataBase,hidden,GH113,,,TO_IMPLEMENT,
DataBase,hidden,GB114,,,TO_IMPLEMENT,
DataBase,hidden,GD114,,,TO_IMPLEMENT,
DataBase,hidden,GH114,,,TO_IMPLEMENT,
DataBase,hidden,GB115,,,TO_IMPLEMENT,
DataBase,hidden,GD115,,,TO_IMPLEMENT,
DataBase,hidden,GH115,,,TO_IMPLEMENT,
DataBase,hidden,GB116,,,TO_IMPLEMENT,
DataBase,hidden,GD116,,,TO_IMPLEMENT,
DataBase,hidden,GH116,,,TO_IMPLEMENT,
DataBase,hidden,GB117,,,TO_IMPLEMENT,
DataBase,hidden,GD117,,,TO_IMPLEMENT,
DataBase,hidden,GH117,,,TO_IMPLEMENT,
DataBase,hidden,GB118,,,TO_IMPLEMENT,
DataBase,hidden,GD118,,,TO_IMPLEMENT,
DataBase,hidden,GH118,,,TO_IMPLEMENT,
DataBase,hidden,GB119,,,TO_IMPLEMENT,
DataBase,hidden,GD119,,,TO_IMPLEMENT,
DataBase,hidden,GH119,,,TO_IMPLEMENT,
DataBase,hidden,GB120,,,TO_IMPLEMENT,
DataBase,hidden,GD120,,,TO_IMPLEMENT,
DataBase,hidden,GH120,,,TO_IMPLEMENT,
DataBase,hidden,GB121,,,TO_IMPLEMENT,
DataBase,hidden,GD121,,,TO_IMPLEMENT,
DataBase,hidden,GH121,,,TO_IMPLEMENT,
DataBase,hidden,GB122,,,TO_IMPLEMENT,
DataBase,hidden,GD122,,,TO_IMPLEMENT,
DataBase,hidden,GH122,,,TO_IMPLEMENT,
DataBase,hidden,GB123,,,TO_IMPLEMENT,
DataBase,hidden,GD123,,,TO_IMPLEMENT,
DataBase,hidden,GH123,,,TO_IMPLEMENT,
DataBase,hidden,GB124,,,TO_IMPLEMENT,
DataBase,hidden,GD124,,,TO_IMPLEMENT,
DataBase,hidden,GH124,,,TO_IMPLEMENT,
SUMMARY,hidden,D6,,Ver.AssesseeVerName,TO_IMPLEMENT,
SUMMARY,hidden,D7,,sheet1.PAN,TO_IMPLEMENT,
SUMMARY,hidden,D8,,"IF(LEN(Ver.FatherName)>0,Ver.FatherName,"""")",TO_IMPLEMENT,
SUMMARY,hidden,D9,,"IF((Ver.Date)>0,Ver.Date,"""")",TO_IMPLEMENT,
SUMMARY,hidden,D10,,"IF(LEN( Ver.PAN)>0, Ver.PAN,"""")",TO_IMPLEMENT,
SUMMARY,hidden,E14,,"IF(SUM(TDSal.TotalTDSSalary)>0,SUM(TDSal.TotalTDSSalary),0)",TO_IMPLEMENT,
SUMMARY,hidden,E15,,"IF(SUM(TDSoth.6income)>0,SUM(TDSoth.6income),0)",TO_IMPLEMENT,
SUMMARY,hidden,E16,,"IF(SUM(TDS26QB.6income)>0,SUM(TDS26QB.6income),0)",TO_IMPLEMENT,
SUMMARY,hidden,E17,,"IF(SUM(TaxP.Amt)>0,SUM(TaxP.Amt),0)",TO_IMPLEMENT,
SUMMARY,hidden,E18,,"IF(TCS.Sum>0,TCS.Sum,0)",TO_IMPLEMENT,
