row	A	B	C	D	E	F	G	H	I	J	K	L	M	N	O	P	Q	R	S	T	U	V	W	X	Y	Z	AA	AB	AC	AD	AE	AF	AG	AH	AI	AJ	AK	AL	AM	AN	AO	AP	AQ	AR	AS	AT	AU	AV	AW	AX	AY	AZ	BA	BB
3			FORM		ITR-U					INDIAN INCOME TAX UPDATED RETURN 
4										[ For persons to update income within forty-eight months from end of the relevant assessment year] 
(Refer Instructions for eligibility )
(Please see rule 12AC of the Income-tax Rules, 1962)
5					PART A GENERAL INFORMATION – 139(8A)
6					(A1) PAN															(A2) Name																														 
7																				  
8					(A3) Aadhaar Number (Please enter  Aadhaar Number. Applicable to Individual only)																				(A3a) Aadhaar Enrolment Id (28 digits) (If eligible for Aadhaar No.)																	(A4) Assessment Year
9																																										AY 2025-26
10					(A5) Whether return previously filed for this assessment year?																																								(Select)
11					While submitting corrected return in response to notice u/s 139(9) issued against updated return u/s 139(8A), tax payer should select same option in“A5 of Part A General 139(8A)”as whatever he selected while filing 139(8A) ITR and need to fill same details of “Original Date of filing” and “Acknowledgement number” while he provided while submitting 139(8A) and is required to select section as "139(8A)" in Part A General" and it is not mandatory to provide DIN and Date of Notice details. Please refer FAQs in below path : "https://www.incometax.gov.in/iec/foportal/help/response-to-defective-notice%20-against-updated-return/faqs"    
12					(A6) If Yes, Whether U/s																					(Select)
13					(A7) If applicable, enter form filed, acknowledgement no. or Receipt no. and date of filing original return (DD/MM/YYYY)
14					ITR Type																					(Select)
15					Acknowledgement Number																						Date of Filing of Original Return
16					(A8) Are you eligible for filing an updated return as per the conditions laid out in first, second, third and fourth provisos to section 139(8A)?																																								(Select)
17					(A9) Please choose the ITR form for updating your income (ITRs 1-7 to be selected from drop-down and filled as per the details made available by e-filing utility– see instruction)																																								ITR1
18					(A10) Reasons for updating your income: 																																															0	0	0
19					(Select)
20					(Select)
22					(A11) Are you filing the updated return during the period																																		(Select)
23					(A12) (a) Are you filing the updated return to reduce carried forward loss or unabsorbed depreciation or tax credit?
24					(b) If Yes , please specify the assessment years where carried forward loss or unabsorbed depreciation or tax credit is being affected because of this updated return 																																															0	0
25					Sl.No.	Assessment Year						Whether original/revised return has been filed for the AY															Whether updated return has been filed for the AY
26					1
27					2
