row	A	B	C	D	E	F	G	H	I	J	K	L	M	N	O	P	Q	R	S	T	U	V	W	X	Y	Z
3			Part B - ATI				Computation of total updated income and tax payable
4			1	A	Head of Income under which additional income is being returned as per Updated Return
Head of income (If yes, Please specify additional income)
5					a	Income from Salary									a											(1)-
6					b	Income from house property 									b
7					c	Income from Business or Profession 									c
8					d	Income from Capital Gains									d
9					e	Income from Other Sources									e
10					f	Total additional Income (a+b+c+d+e)									f	0
11				B	Total Income as per last valid return (only in cases where the  Income Tax Return has been previously filed) 										B
12			2	Total income as per Part C– Deductions and Taxable Total 
Income (Please see instruction)											2	0
13			3	Amount payable, if any (To be taken from the “Amount payable” of Part D-Computation of Tax Payable of updated ITR) (Please see instruction) 											3	0
14			4	Amount refundable, if any (To be taken from “Refund” of Part D-Computation of Tax Payable of updated ITR) (Please see instruction)											4	0
15			5	Amount payable  on the basis of  last valid return (only in applicable cases)											5
16			6i	Refund claimed as per last valid return, if any (Please see instruction)											6i	0
17			6ii	Total Refund issued as per last valid return, if any ( this amount should include interest u/s 244A received )  (Please see instruction)											6ii	0			8	26
18			7	Fee for default in furnishing return of income u/s 234F 											7	0
19			8	Regular Assessment Tax, if any (in applicable cases)  [ Please mention the tax paid if any which is over and above the tax payable declared in sl.no.5 ]											8				0
20			9	Aggregate liability on additional income 
21				9i	In case refund has been issued [3 + 6ii- (5 + 8 + 4)])										9i	0
22				9ii	In case refund has not been issued [3 + 6i – (5 + 8 + 4)]										9ii	0
23			10	Additional income-tax liability on updated income [25% or 50% or 60% or 70% of (9-7)]											10	0			0	0	0
24			11	Net amount payable (9+10)											11	0
25			12	Tax paid u/s 140B											12	0
26			13	Tax due (11-12) 											13	0
27			14	Tax Payment details (ONLY as per Updated Return)
28					A	Details of payments of tax on updated return u/s 140B 
29					Sl. No.	BSR Code 	Date of Deposit
(DD/MM/YYYY)	Serial Number of Challan			Amount (Rs)
30						
(1) 	
(2)	(3)			
(4)									Month diff
31					1															10
32					2															11
33					Total						0
35			Note:	Note:		Enter the totals of tax paid u/s 140B  at sl.no.12 of Part B-ATI
36					B	Details of payments of Advance Tax / Self Assessment Tax /  Regular Assessment Tax, credit for which has not been claimed in the earlier return (credit for the same is not to be allowed again under section 140B(2) ) 
37					Sl. No.	BSR Code 	Date of Deposit
(DD/MM/YYYY)	Serial Number of Challan			Amount (Rs)
38						
(1) 	
(2)	(3)			
(4)
39					1
40					2
41					Total						0
43			Note:	Note:		Credit for above is not to be allowed again under section 140B(2) 
44			15	Relief u/s 89 which is not claimed in earlier return [relief for the same is not to be allowed under section 140B(2)]											15
