row	A	B	C	D	E	F	G	H	I	J	K	L	M	N	O	P	Q	R	S
3			Schedule 80GGA		Details of donations for scientific research or rural development
4			A	Donations entitled for 100% deduction without qualifying limit. (Please see the NOTE given below) 
5				Sl.No.	Relevant Clause under which deduction is claimed	Name of Donee	Address	City or Town or District	State Code	Pin code	PAN of donee		Amount of donation			Eligible Amount of Donation
6												Date of Donation in cash	Donation in cash	Donation in other mode	Total Donation
7				(i)	(ii)	(iii)	(iv)	(v)	(vi)	(vii)	(viii)		(ix)			(x)
8				1											0	0			0
9				2											0	0			0
10				3											0	0			0
11				4											0	0			0
13				Total Donation									0	0	0	0
14			(Do not delete blank rows)
