row	A	B
1	ABHY	ABHYUDAYA COOPERATIVE BANK LIMITED
2	ABPB	ADITYA BIRLA IDEA PAYMENTS BANK
3	ADCB	ABU DHABI COMMERCIAL BANK
4	ADCC	THE AKOLA DISTRICT CENTRAL COOPERATIVE BANK
5	AIRP	AIRTEL PAYMENTS BANK LIMITED
6	AJHC	AMBARNATH JAIHIND COOP BANK LTD AMBARNATH
7	AKJB	AKOLA JANATA COMMERCIAL COOPERATIVE BANK
8	ALLA	ALLAHABAD BANK
9	AMCB	AHMEDABAD MERCANTILE COOPERATIVE BANK
10	AMDN	AHMEDNAGAR MERCHANTS CO-OP BANK LTD
11	ANDB	ANDHRA BANK
12	ANZB	AUSTRALIA AND NEW ZEALAND BANKING GROUP LIMITED
13	APBL	THE ANDHRA PRADESH STATE COOPERATIVE BANK LIMITED
14	APGB	ANDHRA PRAGATHI GRAMEENA BANK
15	APGV	ANDHRA PRADESH GRAMEENA VIKAS BANK
16	APMC	THE A.P. MAHESH COOPERATIVE URBAN BANK LIMITED
17	ASBL	APNA SAHAKARI BANK LIMITED
18	AUBL	AU SMALL FINANCE BANK LIMITED
19	AUCB	ALMORA URBAN COOPERATIVE BANK LIMITED
20	BACB	BASSEIN CATHOLIC COOPERATIVE BANK LIMITED
21	BARA	THE BARAMATI SAHAKARI BANK LTD
22	BARB	BANK OF BARODA
23	BARC	BARCLAYS BANK
24	BBKM	BANK OF BAHARAIN AND KUWAIT BSC
25	BCBM	BHARAT COOPERATIVE BANK MUMBAI LIMITED
26	BCEY	BANK OF CEYLON
27	BDBL	BANDHAN BANK LIMITED
28	BKDN	DENA BANK
29	BKID	BANK OF INDIA
30	BNPA	B N P PARIBAS
31	BNSB	BHAGINI NIVEDITA SAHAKARI BANK LTD PUNE
32	BOFA	BANK OF AMERICA
33	BOTM	MUFG BANK, LTD
34	CBIN	CENTRAL BANK OF INDIA
35	CCBL	CITIZEN CREDIT COOPERATIVE BANK LIMITED
36	CHAS	JP MORGAN BANK
37	CITI	CITI BANK
38	CIUB	CITY UNION BANK LIMITED
39	CLBL	CAPITAL SMALL FINANCE BANK LIMITED
40	CNRB	CANARA BANK
41	CORP	CORPORATION BANK
42	COSB	THE COSMOS CO OPERATIVE BANK LIMITED
43	CRES	CREDIT SUISEE AG
44	CRLY	CREDIT AGRICOLE CORPORATE AND INVESTMENT BANK CALYON BANK
45	CRUB	SHRI CHHATRAPATI RAJASHRI SHAHU URBAN COOPERATIVE BANK LIMITED
46	CSBK	CATHOLIC SYRIAN BANK LIMITED
47	CTCB	CHINATRUST COMMERCIAL BANK LIMITED
48	DBSS	DBS BANK INDIA LIMITED
49	DBSS	DEVELOPMENT BANK OF SINGAPORE
50	DCBL	DCB BANK LIMITED
51	DEOB	DEOGIRI NAGARI SAHAKARI BANK LTD. AURANGABAD
52	DEUT	DEUSTCHE BANK
53	DICG	DEPOSIT INSURANCE AND CREDIT GUARANTEE CORPORATION
54	DLSC	THE DELHI STATE COOPERATIVE BANK LIMITED
55	DLXB	DHANALAKSHMI BANK
56	DMKJ	DMK JAOLI BANK
57	DNSB	DOMBIVLI NAGARI SAHAKARI BANK LIMITED
58	DOHB	DOHA BANK QSC
59	DOHB	DOHA BANK
60	DURG	DURGAPUR STEEL PEOPLES CO-OPERATIVE BANK LTD
61	EBIL	EMIRATES NBD BANK P J S C
62	EIBI	EXPORT IMPORT BANK OF INDIA
63	ESFB	EQUITAS SMALL FINANCE BANK LIMITED
64	ESMF	ESAF SMALL FINANCE BANK LIMITED
65	FDRL	FEDERAL BANK
66	FINO	FINO PAYMENTS BANK
67	FIRN	FIRSTRAND BANK LIMITED
68	FSFB	FINCARE SMALL FINANCE BANK LTD
69	GBCB	THE GREATER BOMBAY COOPERATIVE BANK LIMITED
70	GDCB	THE GADCHIROLI DISTRICT CENTRAL COOPERATIVE BANK LIMITED
71	GSCB	THE GUJARAT STATE COOPERATIVE BANK LIMITED
72	HARC	HARYANA STATE COOPERATIVE BANK
73	HCBL	THE HASTI COOP BANK LTD
74	HDFC	HDFC BANK
75	HPSC	HIMACHAL PRADESH STATE COOPERATIVE BANK LTD
76	HSBC	HSBC BANK
77	HVBK	WOORI BANK
78	IBBK	PT BANK MAYBANK INDONESIA TBK
79	IBKL	IDBI BANK
80	IBKO	INDUSTRIAL BANK OF KOREA
81	ICBK	INDUSTRIAL AND COMMERCIAL BANK OF CHINA LIMITED
82	ICIC	ICICI BANK LIMITED
83	IDFB	IDFC First Bank Ltd
84	IDIB	INDIAN BANK
85	IDUK	IDUKKI DISTRICT CO OPERATIVE BANK LTD
86	INDB	INDUSIND BANK
87	IOBA	INDIAN OVERSEAS BANK
88	IPOS	INDIA POST PAYMENT BANK
89	ITBL	Irinjalakuda Town Co-Operative Bank Ltd
90	JAKA	JAMMU AND KASHMIR BANK LIMITED
91	JANA	JANASEVA SAHAKARI BANK LIMITED
92	JASB	JANASEVA SAHAKARI BANK BORIVLI LIMITED
93	JIOP	JIO PAYMENTS BANK LIMITED
94	JJSB	JALGAON JANATA SAHAKARI BANK LIMITED
95	JPCB	THE JALGAON PEOPELS COOPERATIVE BANK LIMITED
96	JSBL	JANAKALYAN SAHAKARI BANK LIMITED
97	JSBP	JANATA SAHAKARI BANK LIMITED
98	JSFB	JANA SMALL FINANCE BANK LTD
99	KACE	THE KANGRA CENTRAL COOPERATIVE BANK LIMITED
100	KAIJ	KALLAPPANNA AWADE ICHALKARANJI JANATA SAHAKARI BANK LIMITED
101	KANG	THE KANGRA COOPERATIVE BANK LIMITED
102	KARB	KARNATAKA BANK LIMITED
103	KCCB	KALUPUR COMMERCIAL COOPERATIVE BANK
104	KDCB	KOZHIKODE DISTRICT COOPERATIAVE BANK LTD
105	KGRB	KAVERI GRAMEENA BANK
106	KJSB	KALYAN JANATA SAHAKARI BANK
107	KKBK	KOTAK MAHINDRA BANK LIMITED
108	KLGB	KERALA GRAMIN BANK
109	KNSB	THE KURMANCHAL NAGAR SAHAKARI BANK LIMITED
110	KOEX	KEB Hana Bank
111	KRTH	KRUNG THAI BANK PCL
112	KSCB	THE KARANATAKA STATE COOPERATIVE APEX BANK LIMITED
113	KUCB	THE KARAD URBAN COOPERATIVE BANK LIMITED
114	KVBL	KARUR VYSYA BANK
115	KVGB	KARNATAKA VIKAS GRAMEENA BANK
116	LAVB	LAXMI VILAS BANK
117	MAHB	BANK OF MAHARASHTRA
118	MAHG	Maharashtra Gramin Bank
119	MCBL	GS Mahanagar Co-operative Bank Limited, Mumbai
120	MDCB	THE MUMBAI DISTRICT CENTRAL COOPERATIVE BANK LIMITED
121	MHCB	MIZUHO BANK LTD
122	MSBL	Mahesh Sahakari Bank Ltd Pune
123	MSCI	MAHARASHTRA STATE COOPERATIVE BANK
124	MSHQ	MASHREQBANK PSC
125	MSNU	THE MEHSANA URBAN COOPERATIVE BANK
126	MUBL	THE MUNICIPAL COOPERATIVE BANK LIMITED
127	MVCB	SIR M VISVESVARAYA CO OPERATIVE BANK LTD
128	NATA	NATIONAL AUSTRALIA BANK LIMITED
129	NBAD	FIRST ABU DHABI BANK PJSC
130	NBRD	NATIONAL BANK FOR AGRICULTURE AND RURAL DEVELOPMENT
131	NESF	NORTH EAST SMALL FINANCE BANK LIMITED
132	NGSB	NAGPUR NAGARIK SAHAKARI BANK LIMITED
133	NICB	NEW INDIA COOPERATIVE BANK LIMITED
134	NJBK	NAV JEEVAN CO OP BANK LTD
135	NKGS	NKGSB COOPERATIVE BANK LIMITED
136	NMCB	THE NASIK MERCHANTS COOPERATIVE BANK LIMITED
137	NNSB	NUTAN NAGARIK SAHAKARI BANK LIMITED
138	NOSC	THE BANK OF NOVA SCOTIA
139	NSPB	NSDL Payments Bank Limited
140	NTBL	THE NAINITAL BANK LIMITED
141	NUCB	NAGAR URBAN CO OPERATIVE BANK
142	NVNM	THE NAVNIRMAN CO-OPERATIVE BANK LIMITED
143	ORBC	ORIENTAL BANK OF COMMERCE
144	PJSB	G P PARSIK BANK
145	PKGB	PRAGATHI KRISHNA GRAMIN BANK
146	PMCB	PUNJAB AND MAHARSHTRA COOPERATIVE BANK
147	PMEC	PRIME COOPERATIVE BANK LIMITED
148	PRTH	PRATHAMA BANK
149	PSIB	PUNJAB AND SIND BANK
150	PUCB	THE PANDHARPUR URBAN CO OP. BANK LTD. PANDHARPUR
151	PUNB	PUNJAB NATIONAL BANK
152	PYTM	PAYTM PAYMENTS BANK LTD
153	QNBA	QATAR NATIONAL BANK SAQ
154	RABO	RABOBANK INTERNATIONAL
155	RATN	RBL Bank Limited
156	RBIH	IDRBT
157	RBIS	RESERVE BANK OF INDIA , PAD
158	RBIS	RESERVE BANK OF INDIA, PAD
159	RBIS	RBI PAD, AHMEDABAD
160	RBIS	RESERVE BANK OF INDIA
161	RNSB	RAJKOT NAGRIK SAHAKARI BANK LIMITED
162	RRBP	RAJARAMBAPU SAHAKARI BANK LIMITED
163	RSBL	RAJGURUNAGAR SAHAKARI BANK LIMITED
164	RSCB	THE RAJASTHAN STATE COOPERATIVE BANK LIMITED
165	SABR	SBER BANK
166	SAHE	SAHEBRAO DESHMUKH COOPERATIVE BANK LIMITED
167	SANT	SANT SOPANKAKA SAHAKARI BANK LTD
168	SBIN	STATE BANK OF INDIA
169	SBLS	SAMARTH SAHAKARI BANK LTD
170	SCBL	STANDARD CHARTERED BANK
171	SDCB	THE SURAT DISTRICT COOPERATIVE BANK LIMITED
172	SHBK	SHINHAN BANK
173	SIBL	SOUTH INDIAN BANK
174	SIDB	SMALL INDUSTRIES DEVELOPMENT BANK OF INDIA
175	SIDC	THE SINDHUDURG DISTRICT CENTRAL COOP BANK LTD
176	SJSB	SOLAPUR JANATA SAHAKARI BANK LIMITED
177	SKSB	SHIKSHAK SAHAKARI BANK LIMITED
178	SMBC	SUMITOMO MITSUI BANKING CORPORATION
179	SMCB	SHIVALIK MERCANTILE CO OPERATIVE BANK LTD
180	SOGE	SOCIETE GENERALE
181	SPCB	THE SURATH PEOPLES COOPERATIVE BANK LIMITED
182	SRCB	SARASWAT COOPERATIVE BANK LIMITED
183	STCB	SBM BANK INDIA LIMITED
184	SUNB	SURAT NATIONAL COOPERATIVE BANK LIMITED
185	SURY	SURYODAY SMALL FINANCE BANK LIMITED
186	SUTB	SUTEX COOPERATIVE BANK LIMITED
187	SVBL	THE SEVA VIKAS COOPERATIVE BANK LIMITED
188	SVCB	THE SHAMRAO VITHAL COOPERATIVE BANK
189	SVSH	Shri Veershaiv Co Op Bank Ltd
190	SYNB	SYNDICATE BANK
191	TBSB	THE THANE BHARAT SAHAKARI BANK LIMITED
192	TDCB	THE THANE DISTRICT CENTRAL COOPERATIVE BANK LIMITED
193	TGMB	TUMKUR GRAIN MERCHANTS COOPERATIVE BANK LIMITED
194	THRS	THRISSUR DISTRICT CO-OPERATIVE BANK LTD
195	TJSB	TJSB SAHAKARI BANK LTD
196	TJSB	TJSB SAHAKARI BANK LIMITED
197	TMBL	TAMILNAD MERCANTILE BANK LIMITED
198	TNSC	THE TAMIL NADU STATE APEX COOPERATIVE BANK
199	TSAB	TELANGANA STATE COOP APEX BANK
200	TTCB	TEXTILE TRADERS CO-OPERATIVE BANK LIMITED
201	TTCB	TEXTILE TRADERS CO OPERATIVE BANK LTD
202	UBIN	UNION BANK OF INDIA
203	UCBA	UCO BANK
204	UJVN	Ujjivan Small Finance Bank Limited
205	UOVB	UNITED OVERSEAS BANK LIMITED
206	URBN	THE URBAN CO OPERATIVE BANK Ltd No ONE SEVEN FIVE EIGHT PERINTHALMANNA
207	UTBI	UNITED BANK OF INDIA
208	UTIB	AXIS BANK
209	UTKS	UTKARSH SMALL FINANCE BANK
210	VARA	THE VARACHHA COOPERATIVE BANK LIMITED
211	VASJ	VASAI JANATA SAHAKARI BANK LTD
212	VCOB	The Vijay Co Operative Bank Limited
213	VIJB	VIJAYA BANK
214	VSBL	THE VISHWESHWAR SAHAKARI BANK LIMITED
215	VVSB	VASAI VIKAS SAHAKARI BANK LIMITED
216	VVSB	VASAI VIKAS SAHAKARI BANK LTD
217	WBSC	THE WEST BENGAL STATE COOPERATIVE BANK
218	WPAC	WESTPAC BANKING CORPORATION
219	YESB	YES BANK
220	ZCBL	THE ZOROASTRIAN COOPERATIVE BANK LIMITED
221	ZSBL	ZILA SAHAKRI BANK LIMITED GHAZIABAD
222	KSBK	THE KERALA STATE CO OPERATIVE BANK LTD 
223	GIFT0BKID01	BANK OF INDIA
224	GIFT0CITI01	CITIBANK, N.A.
225	GIFT0DEUT01	DEUTSCHE BANK
226	GIFT0KKBK01	KOTAK MAHINDRA BANK LIMITED
227	GIFT0SBIN01	STATE BANK OF INDIA
228	GIFT0RATN01	RBL BANK LIMITED
229	GIFT0SCBL01	STANDARD CHARTERED BANK
230	GIFT0BARB01	BANK OF BARODA
231	GIFT0HDFC01	HDFC BANK
232	GIFT0CNRB01	CANARA BANK
233	GIFT0FDRL01	FEDERAL BANK LIMITED
234	GIFT0HSBC01	THE HONGKONG AND SHANGHAI BANKING CORPORATION LIMITED, HK
235	GIFT0ICIC01	ICICI BANK LIMITED
236	GIFT0IBKL01	IDBI BANK LIMITED
237	GIFT0INDB01	INDUSIND BANK LIMITED
238	GIFT0CHAS01	J.P. MORGAN CHASE BANK, N.A.
239	GIFT0BOTM01	MUFG BANK, LTD.
240	GIFT0PUNB01	PUNJAB NATIONAL BANK
241	GIFT0YESB01	YES BANK LIMITED
242	GIFT0IDIB01	INDIAN BANK
243	GIFT0IDFB01	IDFC FIRST BANK LIMITED
244	GIFT0UTIB01	AXIS BANK LIMITED
245	GIFT0SMBC01	SUMITOMO MITSUI BANKING CORPORATION
246	TBMC	The Banaskantha Mercantile Cooperative Bank Ltd
247	SGBA	Saurashtra Gramin Bank
248	BMCB	BOMBAY MERCANTILE COOPERATIVE BANK LTD
249	SAGB	Saptagiri Grameena Bank
250	AHDC	THE AHMEDNAGAR DISTRICT CENTRAL CO-OPERATIVE BANK LTD
251	SBHY	STATE BANK OF HYDERABAD
252	SMNB	Smriti Nagrik Sahakari Bank Maryadit
253	GGBK	GURGAON GRAMIN BANK
254	SBMY	STATE BANK OF MYSORE
255	SBBJ	STATE BANK OF BIKANER AND JAIPUR
256	STBP	STATE BANK OF PATIALA
257	SBTR	STATE BANK OF TRAVANCORE
258	MKPB	The Malkapur Urban Co Operative Bank Ltd Malkapur
259	CRGB	CHHATTISGARH RAJYA GRAMIN BANK
260	RMGB	RAJASTHAN MARUDHARA GRAMIN BANK
261	TMSB	The Malad Sahakari Bank Ltd
262	TGRB	TELANGANA GRAMEENA BANK
263	UPCB	UTTAR PRADESH COOPERATIVE BANK LTD
264	TSSB	Satara Sahakari Bank Ltd
265	MDBK	MODEL COOPERATIVE BANK LTD
266	DCUB	Darussalam Co operative Urban Bank Ltd
267	HUSB	Hutatma Sahakari Bank Ltd
268	MCAB	The Meghalaya Co-operative Apex Bank Ltd
269	VYSA	ING VYSYA BANK LTD
270	AJAR	The Ajara Urban Co op Bank Ltd Ajara
271	UNBA	Unity Small finance Bank Limited
272	VTBJ	JSC VTB BANK
273	RDCB	Rajnandgaon District Central Co-operative Bank Ltd
274	BCHN	Bank of China Limited India Branch
275	ARBL	ARVIND SAHAKARI BANK LTD
276	PSBL	Pavana Sahakari Bank LTD
277	SKNB	Shree Kadi Nagarik Sahakari Bank Limited
278	BUCB	The Burdwan Central Co-operative Bank Ltd
279	TCBR	The Cooperative Bank Of Rajkot Limited
280	GSSB	Guardian Souharda Sahakari Bank Niyamita
281	UCLB	Urban Co operative Bank Ltd Bareilly
282	TAUB	The Akola Urban Cooperative Bank Limited
283	SDCE	THE SATARA DISTRICT CENTRAL COOPERATIVE BANK LTD
284	COAS	COASTAL LOCAL AREA BANK LTD
285	JTSC	JANATHA SEVA COOPERATIVE BANK LTD
286	ABNA	THE ROYAL BANK OF SCOTLAND NV
287	SECB	SREE CHARAN SOUHARDHA CO OPERATIVE BANK LTD
288	MSLM	The Muslim Cooperative Bank Ltd
289	VYSA	ING VYSYA BANK
290	KCBL	KAPOLE CO OP BANK
291	SBBJ	STATE BANK OF BIKANER & JAIPUR
292	SBBJ	STATE BANK OF BIKANER AND JIAPUR
293	BMBL	BHARATIYA MAHILA BANK LIMITED
294	TNCB	THE NAWANAGAR COOPERATIVE BANK LTD
295	KOLH	The Kolhapur Urban Co-op Bank Ltd
296	TPSC	THE PUNJAB STATE COOPERATIVE BANK LTD
297	MSLM	The Muslim Co-operative Bank Ltd
298	CTBA	COMMONWEALTH BANK OF AUSTRALIA
299	SUSB	Suco Souharda Sahakari Bank Ltd
300	NMGB	NORTH MALABAR GRAMIN BANK
301	OIBA	OMAN INTERNATIONAL BANK SAOG
302	UBSW	UBS AG
303	ABNA	THE ROYAL BANK OF SCOTLAND N V
304	DSIP	DEUTSCHE SECURITIES INDIA PRIVATE LIMITED
305	ADBK	THE ADARSH COOPERATIVE URBAN BANK LIMITED
306	RBIN	RESERVE BANK OF INDIA
307	RBIP	RESERVE BANK OF INDIA
308	RSSB	RAJARSHI SHAHU SAHAKARI BANK LTD  PUNE
309	UUCB	THE UDAIPUR URBAN CO OPERATIVE BANK LTD
310	PUSD	The Pusad Urban Cooperative Bank Ltd Pusad
311	KBKB	KOOKMIN BANK
312	NCUB	THE NILAMBUR CO OPERATIVE URBAN BANK LTD NILAMBUR
313	SNBK	Saraspur Nagrik Co operative Bank Ltd Saraspur
314	ORCB	THE ODISHA STATE COOPERATIVE BANK LTD
315	USCB	UTTARAKHAND STATE COOPERATIVE BANK LIMITED
316	VSBA	VIKAS SOUHARDA CO OPERATIVE BANK LIMITED
317	NHBA	NONGHYUP BANK
318	HITP	Hitachi Payment Services Pvt Ltd
